timestamp,asset,price
2026-04-18 17:34:34.289642,bitcoin,75753
2026-04-18 17:34:34.313243,ethereum,2349.56
2026-04-18 17:34:34.315946,tether,1.0
2026-04-18 17:34:34.320929,usd-coin,0.999898
2026-04-18 17:34:34.322548,binancecoin,630.73
2026-04-18 17:34:34.326359,solana,86.15
2026-04-18 17:34:34.329044,ripple,1.43
2026-04-18 17:34:34.333120,cardano,0.248748
2026-04-18 17:34:34.337586,dogecoin,0.094759
2026-04-18 17:34:34.340102,tron,0.328923
2026-04-18 17:34:34.345054,polkadot,1.28
2026-04-18 17:34:34.347534,litecoin,55.42
2026-04-18 17:34:34.349938,bitcoin-cash,444.2
2026-04-18 17:34:34.352794,chainlink,9.29
2026-04-18 17:34:34.356788,stellar,0.169259
2026-04-18 17:34:34.359223,uniswap,3.36
2026-04-18 17:34:34.361615,avalanche-2,9.38
2026-04-18 17:34:34.364038,cosmos,1.78
2026-04-18 17:34:34.366392,monero,347.25
2026-04-18 17:34:34.370385,ethereum-classic,8.48
2026-04-18 17:34:34.371409,filecoin,0.946906
2026-04-18 17:34:34.375488,aptos,0.940901
2026-04-18 17:34:34.378006,arbitrum,0.126752
2026-04-18 17:34:34.380382,optimism,0.126391
2026-04-18 17:34:34.382729,near,1.36
2026-04-18 17:34:34.383727,internet-computer,2.49
2026-04-18 17:34:34.389065,vechain,0.00708635
2026-04-18 17:34:34.391651,hedera-hashgraph,0.088811
2026-04-18 17:34:34.394016,algorand,0.107826
2026-04-18 17:34:34.396368,the-sandbox,0.080299
2026-04-18 17:34:34.398719,decentraland,0.092016
2026-04-18 17:34:34.401165,theta-token,0.221222
2026-04-18 17:34:34.403667,axie-infinity,1.13
2026-04-18 17:34:34.406762,elrond-erd-2,4.2
2026-04-18 17:34:34.410186,tezos,0.365269
2026-04-18 17:34:34.412644,flow,0.03567133
2026-04-18 17:34:34.413644,eos,0.08191
2026-04-18 17:34:34.419263,neo,2.89
2026-04-18 17:34:34.422264,kava,0.056377
2026-04-18 17:34:34.427848,dash,34.53
2026-04-18 17:34:34.432839,zcash,321.96
2026-04-18 17:34:34.438147,iota,0.05716
2026-04-18 17:34:34.445224,maker,1789.11
2026-04-18 17:34:34.453069,aave,103.9
2026-04-18 17:34:34.457757,compound-governance-token,26.69
2026-04-18 17:34:34.463132,sushi,0.212674
2026-04-18 17:34:34.468943,yearn-finance,2685.69
2026-04-18 17:34:34.472536,curve-dao-token,0.231759
2026-04-18 17:35:36.025996,bitcoin,75751
2026-04-18 17:35:36.031422,ethereum,2349.62
2026-04-18 17:35:36.035887,tether,1.0
2026-04-18 17:35:36.041152,usd-coin,0.999855
2026-04-18 17:35:36.048149,binancecoin,630.84
2026-04-18 17:35:36.049095,solana,86.16
2026-04-18 17:35:36.049095,ripple,1.43
2026-04-18 17:35:36.058773,cardano,0.248806
2026-04-18 17:35:36.063940,dogecoin,0.094747
2026-04-18 17:35:36.067276,tron,0.328936
2026-04-18 17:35:36.072092,polkadot,1.28
2026-04-18 17:35:36.073688,litecoin,55.43
2026-04-18 17:35:36.081125,bitcoin-cash,444.17
2026-04-18 17:35:36.083543,chainlink,9.3
2026-04-18 17:35:36.085076,stellar,0.169261
2026-04-18 17:35:36.090238,uniswap,3.36
2026-04-18 17:35:36.095583,avalanche-2,9.38
2026-04-18 17:35:36.100001,cosmos,1.78
2026-04-18 17:35:36.103785,monero,347.25
2026-04-18 17:35:36.106776,ethereum-classic,8.48
2026-04-18 17:35:36.110103,filecoin,0.947139
2026-04-18 17:35:36.117357,aptos,0.941002
2026-04-18 17:35:36.124341,arbitrum,0.126738
2026-04-18 17:35:36.130824,optimism,0.12644
2026-04-18 17:35:36.138303,near,1.36
2026-04-18 17:35:36.144292,internet-computer,2.49
2026-04-18 17:35:36.150540,vechain,0.00709125
2026-04-18 17:35:36.153103,hedera-hashgraph,0.088834
2026-04-18 17:35:36.157509,algorand,0.107839
2026-04-18 17:35:36.167928,the-sandbox,0.080316
2026-04-18 17:35:36.175051,decentraland,0.09203
2026-04-18 17:35:36.179372,theta-token,0.221353
2026-04-18 17:35:36.183027,axie-infinity,1.13
2026-04-18 17:35:36.190043,elrond-erd-2,4.21
2026-04-18 17:35:36.200745,tezos,0.365218
2026-04-18 17:35:36.204919,flow,0.03567523
2026-04-18 17:35:36.208415,eos,0.08191
2026-04-18 17:35:36.213502,neo,2.89
2026-04-18 17:35:36.222315,kava,0.056394
2026-04-18 17:35:36.229091,dash,34.55
2026-04-18 17:35:36.232835,zcash,322.17
2026-04-18 17:35:36.238815,iota,0.05716
2026-04-18 17:35:36.241415,maker,1789.13
2026-04-18 17:35:36.254134,aave,103.94
2026-04-18 17:35:36.259761,compound-governance-token,26.72
2026-04-18 17:35:36.265536,sushi,0.212715
2026-04-18 17:35:36.276085,yearn-finance,2685.98
2026-04-18 17:35:36.283644,curve-dao-token,0.231767
2026-04-18 17:36:37.796239,bitcoin,75767
2026-04-18 17:36:37.802872,ethereum,2349.59
2026-04-18 17:36:37.826520,tether,1.0
2026-04-18 17:36:37.845040,usd-coin,0.999843
2026-04-18 17:36:37.852667,binancecoin,630.95
2026-04-18 17:36:37.864746,solana,86.17
2026-04-18 17:36:37.875378,ripple,1.43
2026-04-18 17:36:37.880427,cardano,0.248872
2026-04-18 17:36:37.884228,dogecoin,0.094807
2026-04-18 17:36:37.895838,tron,0.328944
2026-04-18 17:36:37.908639,polkadot,1.28
2026-04-18 17:36:37.915368,litecoin,55.44
2026-04-18 17:36:37.940276,bitcoin-cash,444.15
2026-04-18 17:36:37.952533,chainlink,9.3
2026-04-18 17:36:37.964307,stellar,0.169261
2026-04-18 17:36:37.980905,uniswap,3.36
2026-04-18 17:36:37.985927,avalanche-2,9.38
2026-04-18 17:36:37.992476,cosmos,1.78
2026-04-18 17:36:37.996029,monero,347.72
2026-04-18 17:36:38.009098,ethereum-classic,8.48
2026-04-18 17:36:38.015557,filecoin,0.947463
2026-04-18 17:36:38.021749,aptos,0.941103
2026-04-18 17:36:38.030743,arbitrum,0.126741
2026-04-18 17:36:38.041482,optimism,0.12645
2026-04-18 17:36:38.047053,near,1.36
2026-04-18 17:36:38.051044,internet-computer,2.49
2026-04-18 17:36:38.062247,vechain,0.00709195
2026-04-18 17:36:38.072926,hedera-hashgraph,0.088837
2026-04-18 17:36:38.076850,algorand,0.107842
2026-04-18 17:36:38.096674,the-sandbox,0.080268
2026-04-18 17:36:38.115262,decentraland,0.092059
2026-04-18 17:36:38.128146,theta-token,0.221191
2026-04-18 17:36:38.136526,axie-infinity,1.13
2026-04-18 17:36:38.152784,elrond-erd-2,4.21
2026-04-18 17:36:38.159961,tezos,0.36525
2026-04-18 17:36:38.167985,flow,0.03567329
2026-04-18 17:36:38.185614,eos,0.08191
2026-04-18 17:36:38.202150,neo,2.89
2026-04-18 17:36:38.214676,kava,0.056402
2026-04-18 17:36:38.223843,dash,34.56
2026-04-18 17:36:38.234888,zcash,322.25
2026-04-18 17:36:38.245628,iota,0.057161
2026-04-18 17:36:38.250994,maker,1783.95
2026-04-18 17:36:38.265911,aave,103.88
2026-04-18 17:36:38.273064,compound-governance-token,26.73
2026-04-18 17:36:38.283498,sushi,0.212832
2026-04-18 17:36:38.294531,yearn-finance,2686.27
2026-04-18 17:36:38.298709,curve-dao-token,0.231744
2026-04-18 17:37:39.722288,bitcoin,75754
2026-04-18 17:37:39.730333,ethereum,2349.05
2026-04-18 17:37:39.740568,tether,1.0
2026-04-18 17:37:39.748867,usd-coin,0.999871
2026-04-18 17:37:39.751740,binancecoin,630.81
2026-04-18 17:37:39.757828,solana,86.17
2026-04-18 17:37:39.771197,ripple,1.43
2026-04-18 17:37:39.783686,cardano,0.24889
2026-04-18 17:37:39.789783,dogecoin,0.094807
2026-04-18 17:37:39.794331,tron,0.328955
2026-04-18 17:37:39.798716,polkadot,1.28
2026-04-18 17:37:39.806802,litecoin,55.44
2026-04-18 17:37:39.815359,bitcoin-cash,444.15
2026-04-18 17:37:39.822827,chainlink,9.3
2026-04-18 17:37:39.832358,stellar,0.169248
2026-04-18 17:37:39.839112,uniswap,3.36
2026-04-18 17:37:39.845061,avalanche-2,9.38
2026-04-18 17:37:39.848777,cosmos,1.78
2026-04-18 17:37:39.855838,monero,347.79
2026-04-18 17:37:39.869308,ethereum-classic,8.48
2026-04-18 17:37:39.874345,filecoin,0.947464
2026-04-18 17:37:39.886086,aptos,0.941166
2026-04-18 17:37:39.889968,arbitrum,0.126745
2026-04-18 17:37:39.902777,optimism,0.1265
2026-04-18 17:37:39.907847,near,1.36
2026-04-18 17:37:39.920481,internet-computer,2.49
2026-04-18 17:37:39.932333,vechain,0.00709054
2026-04-18 17:37:39.936651,hedera-hashgraph,0.088848
2026-04-18 17:37:39.943080,algorand,0.107842
2026-04-18 17:37:39.952896,the-sandbox,0.080284
2026-04-18 17:37:39.955279,decentraland,0.092087
2026-04-18 17:37:39.968535,theta-token,0.221206
2026-04-18 17:37:39.972466,axie-infinity,1.13
2026-04-18 17:37:39.981197,elrond-erd-2,4.2
2026-04-18 17:37:39.988796,tezos,0.365238
2026-04-18 17:37:39.998853,flow,0.03567058
2026-04-18 17:37:40.005114,eos,0.08191
2026-04-18 17:37:40.017756,neo,2.89
2026-04-18 17:37:40.021858,kava,0.056424
2026-04-18 17:37:40.035479,dash,34.57
2026-04-18 17:37:40.042407,zcash,322.23
2026-04-18 17:37:40.051858,iota,0.057161
2026-04-18 17:37:40.056793,maker,1789.3
2026-04-18 17:37:40.059861,aave,103.74
2026-04-18 17:37:40.065215,compound-governance-token,26.74
2026-04-18 17:37:40.071210,sushi,0.212849
2026-04-18 17:37:40.073474,yearn-finance,2687.05
2026-04-18 17:37:40.081392,curve-dao-token,0.231712
2026-04-18 17:40:17.419351,bitcoin,75743
2026-04-18 17:40:17.425532,ethereum,2349.06
2026-04-18 17:40:17.431549,tether,1.0
2026-04-18 17:40:17.438252,usd-coin,0.999859
2026-04-18 17:40:17.440244,binancecoin,630.61
2026-04-18 17:40:17.444234,solana,86.12
2026-04-18 17:40:17.450221,ripple,1.43
2026-04-18 17:40:17.455214,cardano,0.248889
2026-04-18 17:40:17.458236,dogecoin,0.094803
2026-04-18 17:40:17.463185,tron,0.329138
2026-04-18 17:40:17.467174,polkadot,1.28
2026-04-18 17:40:17.472159,litecoin,55.44
2026-04-18 17:40:17.475742,bitcoin-cash,444.15
2026-04-18 17:40:17.480746,chainlink,9.29
2026-04-18 17:40:17.486219,stellar,0.169228
2026-04-18 17:40:17.490187,uniswap,3.36
2026-04-18 17:40:17.494361,avalanche-2,9.37
2026-04-18 17:40:17.497360,cosmos,1.78
2026-04-18 17:40:17.502339,monero,347.87
2026-04-18 17:40:17.504952,ethereum-classic,8.48
2026-04-18 17:40:17.509936,filecoin,0.947834
2026-04-18 17:40:17.513985,aptos,0.941208
2026-04-18 17:40:17.518917,arbitrum,0.126693
2026-04-18 17:40:17.522902,optimism,0.126489
2026-04-18 17:40:17.528199,near,1.36
2026-04-18 17:40:17.533261,internet-computer,2.49
2026-04-18 17:40:17.536373,vechain,0.00709015
2026-04-18 17:40:17.540364,hedera-hashgraph,0.088849
2026-04-18 17:40:17.544530,algorand,0.107855
2026-04-18 17:40:17.547513,the-sandbox,0.080345
2026-04-18 17:40:17.551540,decentraland,0.092179
2026-04-18 17:40:17.554963,theta-token,0.221006
2026-04-18 17:40:17.558964,axie-infinity,1.13
2026-04-18 17:40:17.564167,elrond-erd-2,4.2
2026-04-18 17:40:17.568161,tezos,0.365169
2026-04-18 17:40:17.573573,flow,0.03568145
2026-04-18 17:40:17.580557,eos,0.08191
2026-04-18 17:40:17.585546,neo,2.89
2026-04-18 17:40:17.592163,kava,0.056369
2026-04-18 17:40:17.596246,dash,34.56
2026-04-18 17:40:17.600269,zcash,322.2
2026-04-18 17:40:17.602230,iota,0.057144
2026-04-18 17:40:17.606404,maker,1789.28
2026-04-18 17:40:17.610427,aave,103.88
2026-04-18 17:40:17.613504,compound-governance-token,26.75
2026-04-18 17:40:17.617495,sushi,0.212849
2026-04-18 17:40:17.621485,yearn-finance,2686.89
2026-04-18 17:40:17.626827,curve-dao-token,0.231639
2026-04-18 17:41:18.719207,bitcoin,75771
2026-04-18 17:41:18.723325,ethereum,2350.34
2026-04-18 17:41:18.732099,tether,1.0
2026-04-18 17:41:18.736726,usd-coin,0.999873
2026-04-18 17:41:18.742710,binancecoin,630.79
2026-04-18 17:41:18.747698,solana,86.15
2026-04-18 17:41:18.751687,ripple,1.43
2026-04-18 17:41:18.756678,cardano,0.248917
2026-04-18 17:41:18.765647,dogecoin,0.094831
2026-04-18 17:41:18.768639,tron,0.329128
2026-04-18 17:41:18.771636,polkadot,1.28
2026-04-18 17:41:18.781611,litecoin,55.47
2026-04-18 17:41:18.785055,bitcoin-cash,444.11
2026-04-18 17:41:18.789039,chainlink,9.29
2026-04-18 17:41:18.796618,stellar,0.169202
2026-04-18 17:41:18.799594,uniswap,3.36
2026-04-18 17:41:18.803876,avalanche-2,9.38
2026-04-18 17:41:18.806871,cosmos,1.78
2026-04-18 17:41:18.819490,monero,347.54
2026-04-18 17:41:18.831682,ethereum-classic,8.48
2026-04-18 17:41:18.835694,filecoin,0.948495
2026-04-18 17:41:18.839665,aptos,0.940912
2026-04-18 17:41:18.849588,arbitrum,0.126705
2026-04-18 17:41:18.855968,optimism,0.126555
2026-04-18 17:41:18.862975,near,1.36
2026-04-18 17:41:18.866879,internet-computer,2.49
2026-04-18 17:41:18.870866,vechain,0.00709337
2026-04-18 17:41:18.872860,hedera-hashgraph,0.088854
2026-04-18 17:41:18.881985,algorand,0.107884
2026-04-18 17:41:18.885194,the-sandbox,0.080363
2026-04-18 17:41:18.889183,decentraland,0.092195
2026-04-18 17:41:18.896235,theta-token,0.22091
2026-04-18 17:41:18.899220,axie-infinity,1.13
2026-04-18 17:41:18.903348,elrond-erd-2,4.2
2026-04-18 17:41:18.906328,tezos,0.365236
2026-04-18 17:41:18.915644,flow,0.03569495
2026-04-18 17:41:18.918642,eos,0.08191
2026-04-18 17:41:18.922628,neo,2.89
2026-04-18 17:41:18.935981,kava,0.056385
2026-04-18 17:41:18.946535,dash,34.59
2026-04-18 17:41:18.949507,zcash,322.21
2026-04-18 17:41:18.952499,iota,0.057176
2026-04-18 17:41:18.956150,maker,1789.98
2026-04-18 17:41:18.966121,aave,103.98
2026-04-18 17:41:18.969113,compound-governance-token,26.78
2026-04-18 17:41:18.973104,sushi,0.212889
2026-04-18 17:41:18.980091,yearn-finance,2686.83
2026-04-18 17:41:18.984074,curve-dao-token,0.231688
2026-04-18 17:42:19.896919,bitcoin,75772
2026-04-18 17:42:19.900956,ethereum,2351.12
2026-04-18 17:42:19.912109,tether,1.0
2026-04-18 17:42:19.916338,usd-coin,0.99979
2026-04-18 17:42:19.922326,binancecoin,630.97
2026-04-18 17:42:19.927642,solana,86.15
2026-04-18 17:42:19.931631,ripple,1.43
2026-04-18 17:42:19.939650,cardano,0.24893
2026-04-18 17:42:19.944776,dogecoin,0.094834
2026-04-18 17:42:19.948761,tron,0.329149
2026-04-18 17:42:19.959055,polkadot,1.28
2026-04-18 17:42:19.963769,litecoin,55.47
2026-04-18 17:42:19.971445,bitcoin-cash,444.12
2026-04-18 17:42:19.974644,chainlink,9.3
2026-04-18 17:42:19.979635,stellar,0.1692
2026-04-18 17:42:19.985408,uniswap,3.36
2026-04-18 17:42:19.995585,avalanche-2,9.38
2026-04-18 17:42:19.999574,cosmos,1.78
2026-04-18 17:42:20.011085,monero,347.51
2026-04-18 17:42:20.015849,ethereum-classic,8.48
2026-04-18 17:42:20.026818,filecoin,0.948489
2026-04-18 17:42:20.029810,aptos,0.940676
2026-04-18 17:42:20.035794,arbitrum,0.126701
2026-04-18 17:42:20.042992,optimism,0.126559
2026-04-18 17:42:20.045987,near,1.36
2026-04-18 17:42:20.053072,internet-computer,2.49
2026-04-18 17:42:20.062749,vechain,0.00709302
2026-04-18 17:42:20.072213,hedera-hashgraph,0.088867
2026-04-18 17:42:20.078369,algorand,0.107869
2026-04-18 17:42:20.083531,the-sandbox,0.080385
2026-04-18 17:42:20.094929,decentraland,0.092182
2026-04-18 17:42:20.103908,theta-token,0.2209
2026-04-18 17:42:20.113879,axie-infinity,1.13
2026-04-18 17:42:20.123850,elrond-erd-2,4.2
2026-04-18 17:42:20.131075,tezos,0.365319
2026-04-18 17:42:20.146510,flow,0.03569643
2026-04-18 17:42:20.148491,eos,0.08191
2026-04-18 17:42:20.160598,neo,2.89
2026-04-18 17:42:20.165581,kava,0.056378
2026-04-18 17:42:20.178283,dash,34.59
2026-04-18 17:42:20.188767,zcash,322.19
2026-04-18 17:42:20.199211,iota,0.057179
2026-04-18 17:42:20.205197,maker,1788.59
2026-04-18 17:42:20.210181,aave,104.02
2026-04-18 17:42:20.224149,compound-governance-token,26.78
2026-04-18 17:42:20.230545,sushi,0.212918
2026-04-18 17:42:20.244601,yearn-finance,2688.23
2026-04-18 17:42:20.248592,curve-dao-token,0.231692
2026-04-18 17:43:21.304236,bitcoin,75780
2026-04-18 17:43:21.307533,ethereum,2351.88
2026-04-18 17:43:21.330472,tether,1.0
2026-04-18 17:43:21.336191,usd-coin,0.999781
2026-04-18 17:43:21.351291,binancecoin,631.01
2026-04-18 17:43:21.370682,solana,86.16
2026-04-18 17:43:21.379656,ripple,1.43
2026-04-18 17:43:21.387647,cardano,0.248957
2026-04-18 17:43:21.399558,dogecoin,0.094842
2026-04-18 17:43:21.403763,tron,0.329155
2026-04-18 17:43:21.408792,polkadot,1.28
2026-04-18 17:43:21.416922,litecoin,55.48
2026-04-18 17:43:21.424045,bitcoin-cash,444.14
2026-04-18 17:43:21.433024,chainlink,9.3
2026-04-18 17:43:21.440888,stellar,0.169197
2026-04-18 17:43:21.448996,uniswap,3.36
2026-04-18 17:43:21.456773,avalanche-2,9.38
2026-04-18 17:43:21.464488,cosmos,1.78
2026-04-18 17:43:21.468480,monero,348.05
2026-04-18 17:43:21.473624,ethereum-classic,8.48
2026-04-18 17:43:21.485090,filecoin,0.948704
2026-04-18 17:43:21.490077,aptos,0.940504
2026-04-18 17:43:21.501005,arbitrum,0.126676
2026-04-18 17:43:21.506307,optimism,0.126547
2026-04-18 17:43:21.508274,near,1.36
2026-04-18 17:43:21.517231,internet-computer,2.49
2026-04-18 17:43:21.523364,vechain,0.00709383
2026-04-18 17:43:21.533554,hedera-hashgraph,0.088874
2026-04-18 17:43:21.540379,algorand,0.107874
2026-04-18 17:43:21.546855,the-sandbox,0.080395
2026-04-18 17:43:21.555365,decentraland,0.092207
2026-04-18 17:43:21.558357,theta-token,0.220805
2026-04-18 17:43:21.572168,axie-infinity,1.13
2026-04-18 17:43:21.575360,elrond-erd-2,4.2
2026-04-18 17:43:21.584562,tezos,0.365397
2026-04-18 17:43:21.601644,flow,0.0356946
2026-04-18 17:43:21.605877,eos,0.08191
2026-04-18 17:43:21.610837,neo,2.89
2026-04-18 17:43:21.617036,kava,0.056389
2026-04-18 17:43:21.623021,dash,34.61
2026-04-18 17:43:21.633222,zcash,322.1
2026-04-18 17:43:21.638024,iota,0.057186
2026-04-18 17:43:21.640020,maker,1788.4
2026-04-18 17:43:21.647479,aave,104.11
2026-04-18 17:43:21.656179,compound-governance-token,26.81
2026-04-18 17:43:21.664240,sushi,0.213025
2026-04-18 17:43:21.672219,yearn-finance,2688.41
2026-04-18 17:43:21.680333,curve-dao-token,0.231561
2026-04-18 17:44:22.539012,bitcoin,75796
2026-04-18 17:44:22.543001,ethereum,2352.37
2026-04-18 17:44:22.546892,tether,1.0
2026-04-18 17:44:22.553415,usd-coin,0.99977
2026-04-18 17:44:22.559960,binancecoin,631.13
2026-04-18 17:44:22.564115,solana,86.18
2026-04-18 17:44:22.567109,ripple,1.43
2026-04-18 17:44:22.573562,cardano,0.248995
2026-04-18 17:44:22.578245,dogecoin,0.094864
2026-04-18 17:44:22.582237,tron,0.329169
2026-04-18 17:44:22.585526,polkadot,1.28
2026-04-18 17:44:22.593525,litecoin,55.48
2026-04-18 17:44:22.596577,bitcoin-cash,444.23
2026-04-18 17:44:22.599568,chainlink,9.3
2026-04-18 17:44:22.603572,stellar,0.169215
2026-04-18 17:44:22.610807,uniswap,3.36
2026-04-18 17:44:22.614036,avalanche-2,9.38
2026-04-18 17:44:22.616033,cosmos,1.78
2026-04-18 17:44:22.619024,monero,348.15
2026-04-18 17:44:22.624884,ethereum-classic,8.48
2026-04-18 17:44:22.627873,filecoin,0.948916
2026-04-18 17:44:22.631861,aptos,0.940581
2026-04-18 17:44:22.634129,arbitrum,0.126621
2026-04-18 17:44:22.641112,optimism,0.126568
2026-04-18 17:44:22.644311,near,1.36
2026-04-18 17:44:22.648302,internet-computer,2.49
2026-04-18 17:44:22.651293,vechain,0.00709518
2026-04-18 17:44:22.662309,hedera-hashgraph,0.088877
2026-04-18 17:44:22.667132,algorand,0.10785
2026-04-18 17:44:22.673978,the-sandbox,0.080399
2026-04-18 17:44:22.676974,decentraland,0.092242
2026-04-18 17:44:22.681957,theta-token,0.220791
2026-04-18 17:44:22.687080,axie-infinity,1.13
2026-04-18 17:44:22.691067,elrond-erd-2,4.2
2026-04-18 17:44:22.695154,tezos,0.365464
2026-04-18 17:44:22.699627,flow,0.0357026
2026-04-18 17:44:22.704926,eos,0.081902
2026-04-18 17:44:22.707918,neo,2.89
2026-04-18 17:44:22.712905,kava,0.056446
2026-04-18 17:44:22.716407,dash,34.61
2026-04-18 17:44:22.720391,zcash,322.18
2026-04-18 17:44:22.723551,iota,0.057211
2026-04-18 17:44:22.727548,maker,1789.2
2026-04-18 17:44:22.731546,aave,104.16
2026-04-18 17:44:22.735840,compound-governance-token,26.83
2026-04-18 17:44:22.739827,sushi,0.213079
2026-04-18 17:44:22.744051,yearn-finance,2689.09
2026-04-18 17:44:22.747047,curve-dao-token,0.231361
2026-04-18 17:45:23.636894,bitcoin,75801
2026-04-18 17:45:23.639885,ethereum,2352.78
2026-04-18 17:45:23.654596,tether,1.0
2026-04-18 17:45:23.658588,usd-coin,0.999808
2026-04-18 17:45:23.663575,binancecoin,631.11
2026-04-18 17:45:23.668560,solana,86.19
2026-04-18 17:45:23.672703,ripple,1.43
2026-04-18 17:45:23.677337,cardano,0.249037
2026-04-18 17:45:23.682323,dogecoin,0.094873
2026-04-18 17:45:23.688310,tron,0.329134
2026-04-18 17:45:23.692931,polkadot,1.28
2026-04-18 17:45:23.697986,litecoin,55.48
2026-04-18 17:45:23.703976,bitcoin-cash,444.27
2026-04-18 17:45:23.708371,chainlink,9.3
2026-04-18 17:45:23.711362,stellar,0.169258
2026-04-18 17:45:23.718354,uniswap,3.36
2026-04-18 17:45:23.721342,avalanche-2,9.38
2026-04-18 17:45:23.725977,cosmos,1.78
2026-04-18 17:45:23.729963,monero,348.2
2026-04-18 17:45:23.737689,ethereum-classic,8.48
2026-04-18 17:45:23.741679,filecoin,0.949007
2026-04-18 17:45:23.745787,aptos,0.940484
2026-04-18 17:45:23.752776,arbitrum,0.126624
2026-04-18 17:45:23.757258,optimism,0.126587
2026-04-18 17:45:23.760239,near,1.36
2026-04-18 17:45:23.770212,internet-computer,2.49
2026-04-18 17:45:23.772206,vechain,0.00709577
2026-04-18 17:45:23.775385,hedera-hashgraph,0.08889
2026-04-18 17:45:23.782370,algorand,0.107848
2026-04-18 17:45:23.788349,the-sandbox,0.080406
2026-04-18 17:45:23.790343,decentraland,0.092253
2026-04-18 17:45:23.797518,theta-token,0.220783
2026-04-18 17:45:23.803499,axie-infinity,1.13
2026-04-18 17:45:23.805712,elrond-erd-2,4.2
2026-04-18 17:45:23.809720,tezos,0.365512
2026-04-18 17:45:23.817681,flow,0.03572495
2026-04-18 17:45:23.821671,eos,0.081902
2026-04-18 17:45:23.826057,neo,2.89
2026-04-18 17:45:23.832046,kava,0.056446
2026-04-18 17:45:23.836028,dash,34.62
2026-04-18 17:45:23.839029,zcash,322.28
2026-04-18 17:45:23.842016,iota,0.057216
2026-04-18 17:45:23.848484,maker,1789.39
2026-04-18 17:45:23.851475,aave,104.32
2026-04-18 17:45:23.855760,compound-governance-token,26.83
2026-04-18 17:45:23.858758,sushi,0.213053
2026-04-18 17:45:23.864735,yearn-finance,2689.83
2026-04-18 17:45:23.867729,curve-dao-token,0.231214
2026-04-18 17:46:24.721271,bitcoin,75811
2026-04-18 17:46:24.724406,ethereum,2353.4
2026-04-18 17:46:24.735630,tether,1.0
2026-04-18 17:46:24.742617,usd-coin,0.999769
2026-04-18 17:46:24.747129,binancecoin,631.25
2026-04-18 17:46:24.751110,solana,86.2
2026-04-18 17:46:24.754202,ripple,1.43
2026-04-18 17:46:24.759981,cardano,0.24905
2026-04-18 17:46:24.765215,dogecoin,0.094894
2026-04-18 17:46:24.769137,tron,0.329127
2026-04-18 17:46:24.773129,polkadot,1.28
2026-04-18 17:46:24.778664,litecoin,55.48
2026-04-18 17:46:24.781667,bitcoin-cash,444.3
2026-04-18 17:46:24.786494,chainlink,9.3
2026-04-18 17:46:24.790479,stellar,0.169264
2026-04-18 17:46:24.793479,uniswap,3.36
2026-04-18 17:46:24.797734,avalanche-2,9.38
2026-04-18 17:46:24.797734,cosmos,1.78
2026-04-18 17:46:24.797734,monero,348.31
2026-04-18 17:46:24.797734,ethereum-classic,8.48
2026-04-18 17:46:24.813358,filecoin,0.949525
2026-04-18 17:46:24.813358,aptos,0.940342
2026-04-18 17:46:24.825437,arbitrum,0.126599
2026-04-18 17:46:24.828421,optimism,0.126584
2026-04-18 17:46:24.832411,near,1.36
2026-04-18 17:46:24.834798,internet-computer,2.49
2026-04-18 17:46:24.839786,vechain,0.0070992
2026-04-18 17:46:24.843770,hedera-hashgraph,0.088922
2026-04-18 17:46:24.846047,algorand,0.107899
2026-04-18 17:46:24.849039,the-sandbox,0.080457
2026-04-18 17:46:24.853025,decentraland,0.092301
2026-04-18 17:46:24.856452,theta-token,0.22081
2026-04-18 17:46:24.859428,axie-infinity,1.13
2026-04-18 17:46:24.863593,elrond-erd-2,4.21
2026-04-18 17:46:24.866586,tezos,0.365564
2026-04-18 17:46:24.869583,flow,0.03575649
2026-04-18 17:46:24.873847,eos,0.081902
2026-04-18 17:46:24.876847,neo,2.9
2026-04-18 17:46:24.879832,kava,0.056448
2026-04-18 17:46:24.883956,dash,34.63
2026-04-18 17:46:24.886054,zcash,322.51
2026-04-18 17:46:24.890089,iota,0.05722
2026-04-18 17:46:24.893037,maker,1789.73
2026-04-18 17:46:24.896174,aave,104.49
2026-04-18 17:46:24.900155,compound-governance-token,26.8
2026-04-18 17:46:24.902148,sushi,0.213079
2026-04-18 17:46:24.906294,yearn-finance,2690.59
2026-04-18 17:46:24.911280,curve-dao-token,0.231319
2026-04-18 17:47:25.745118,bitcoin,75839
2026-04-18 17:47:25.749109,ethereum,2353.83
2026-04-18 17:47:25.758256,tether,1.0
2026-04-18 17:47:25.762244,usd-coin,0.999434
2026-04-18 17:47:25.765852,binancecoin,631.53
2026-04-18 17:47:25.769840,solana,86.22
2026-04-18 17:47:25.774239,ripple,1.43
2026-04-18 17:47:25.777237,cardano,0.24909
2026-04-18 17:47:25.782223,dogecoin,0.094919
2026-04-18 17:47:25.786352,tron,0.329123
2026-04-18 17:47:25.790882,polkadot,1.28
2026-04-18 17:47:25.794207,litecoin,55.48
2026-04-18 17:47:25.797199,bitcoin-cash,444.36
2026-04-18 17:47:25.800197,chainlink,9.3
2026-04-18 17:47:25.805410,stellar,0.169307
2026-04-18 17:47:25.808397,uniswap,3.36
2026-04-18 17:47:25.811391,avalanche-2,9.38
2026-04-18 17:47:25.815575,cosmos,1.78
2026-04-18 17:47:25.818553,monero,348.34
2026-04-18 17:47:25.821648,ethereum-classic,8.48
2026-04-18 17:47:25.826060,filecoin,0.949684
2026-04-18 17:47:25.829079,aptos,0.940303
2026-04-18 17:47:25.832045,arbitrum,0.126592
2026-04-18 17:47:25.836445,optimism,0.126559
2026-04-18 17:47:25.839432,near,1.36
2026-04-18 17:47:25.842604,internet-computer,2.49
2026-04-18 17:47:25.845676,vechain,0.00710595
2026-04-18 17:47:25.850656,hedera-hashgraph,0.088955
2026-04-18 17:47:25.853997,algorand,0.107932
2026-04-18 17:47:25.857990,the-sandbox,0.080512
2026-04-18 17:47:25.859981,decentraland,0.092342
2026-04-18 17:47:25.862974,theta-token,0.220975
2026-04-18 17:47:25.869451,axie-infinity,1.13
2026-04-18 17:47:25.872436,elrond-erd-2,4.21
2026-04-18 17:47:25.875677,tezos,0.365609
2026-04-18 17:47:25.878670,flow,0.03576911
2026-04-18 17:47:25.881661,eos,0.081902
2026-04-18 17:47:25.886397,neo,2.89
2026-04-18 17:47:25.889391,kava,0.056442
2026-04-18 17:47:25.893559,dash,34.64
2026-04-18 17:47:25.896557,zcash,322.54
2026-04-18 17:47:25.901538,iota,0.05722
2026-04-18 17:47:25.905750,maker,1789.77
2026-04-18 17:47:25.908726,aave,104.61
2026-04-18 17:47:25.911715,compound-governance-token,26.8
2026-04-18 17:47:25.920930,sushi,0.21326
2026-04-18 17:47:25.924147,yearn-finance,2691.83
2026-04-18 17:47:25.928137,curve-dao-token,0.231322
2026-04-18 17:48:26.903753,bitcoin,75822
2026-04-18 17:48:26.906756,ethereum,2353.99
2026-04-18 17:48:26.917854,tether,1.0
2026-04-18 17:48:26.922835,usd-coin,0.999487
2026-04-18 17:48:26.931813,binancecoin,631.53
2026-04-18 17:48:26.935803,solana,86.23
2026-04-18 17:48:26.939795,ripple,1.43
2026-04-18 17:48:26.948766,cardano,0.249127
2026-04-18 17:48:26.951760,dogecoin,0.094994
2026-04-18 17:48:26.958757,tron,0.329044
2026-04-18 17:48:26.963731,polkadot,1.28
2026-04-18 17:48:26.966718,litecoin,55.49
2026-04-18 17:48:26.969710,bitcoin-cash,444.35
2026-04-18 17:48:26.975277,chainlink,9.31
2026-04-18 17:48:26.979266,stellar,0.16936
2026-04-18 17:48:26.982259,uniswap,3.37
2026-04-18 17:48:26.985248,avalanche-2,9.39
2026-04-18 17:48:26.994472,cosmos,1.78
2026-04-18 17:48:26.998463,monero,349.33
2026-04-18 17:48:27.000458,ethereum-classic,8.48
2026-04-18 17:48:27.004566,filecoin,0.949839
2026-04-18 17:48:27.007561,aptos,0.940203
2026-04-18 17:48:27.011549,arbitrum,0.126554
2026-04-18 17:48:27.014686,optimism,0.126582
2026-04-18 17:48:27.018668,near,1.36
2026-04-18 17:48:27.020662,internet-computer,2.49
2026-04-18 17:48:27.023652,vechain,0.00710083
2026-04-18 17:48:27.028297,hedera-hashgraph,0.088961
2026-04-18 17:48:27.031280,algorand,0.107956
2026-04-18 17:48:27.034633,the-sandbox,0.08056
2026-04-18 17:48:27.037618,decentraland,0.092391
2026-04-18 17:48:27.040609,theta-token,0.220991
2026-04-18 17:48:27.044757,axie-infinity,1.13
2026-04-18 17:48:27.047746,elrond-erd-2,4.21
2026-04-18 17:48:27.050763,tezos,0.365705
2026-04-18 17:48:27.053853,flow,0.03578745
2026-04-18 17:48:27.056863,eos,0.081902
2026-04-18 17:48:27.062834,neo,2.9
2026-04-18 17:48:27.066399,kava,0.056439
2026-04-18 17:48:27.068392,dash,34.64
2026-04-18 17:48:27.071394,zcash,322.95
2026-04-18 17:48:27.077256,iota,0.057239
2026-04-18 17:48:27.081228,maker,1788.67
2026-04-18 17:48:27.084462,aave,104.81
2026-04-18 17:48:27.087452,compound-governance-token,26.8
2026-04-18 17:48:27.092442,sushi,0.213288
2026-04-18 17:48:27.097018,yearn-finance,2692.9
2026-04-18 17:48:27.100003,curve-dao-token,0.231282
2026-04-18 17:49:28.151652,bitcoin,75813
2026-04-18 17:49:28.153798,ethereum,2353.98
2026-04-18 17:49:28.162220,tether,1.0
2026-04-18 17:49:28.168748,usd-coin,0.999869
2026-04-18 17:49:28.171741,binancecoin,631.41
2026-04-18 17:49:28.175128,solana,86.23
2026-04-18 17:49:28.179115,ripple,1.43
2026-04-18 17:49:28.188088,cardano,0.249109
2026-04-18 17:49:28.192082,dogecoin,0.095004
2026-04-18 17:49:28.197076,tron,0.329113
2026-04-18 17:49:28.205043,polkadot,1.28
2026-04-18 17:49:28.209034,litecoin,55.5
2026-04-18 17:49:28.213024,bitcoin-cash,444.37
2026-04-18 17:49:28.217019,chainlink,9.31
2026-04-18 17:49:28.222010,stellar,0.169388
2026-04-18 17:49:28.224992,uniswap,3.37
2026-04-18 17:49:28.228000,avalanche-2,9.39
2026-04-18 17:49:28.231038,cosmos,1.78
2026-04-18 17:49:28.236962,monero,349.4
2026-04-18 17:49:28.239954,ethereum-classic,8.48
2026-04-18 17:49:28.244086,filecoin,0.949831
2026-04-18 17:49:28.247079,aptos,0.940263
2026-04-18 17:49:28.251070,arbitrum,0.126531
2026-04-18 17:49:28.254242,optimism,0.126591
2026-04-18 17:49:28.257347,near,1.36
2026-04-18 17:49:28.262728,internet-computer,2.49
2026-04-18 17:49:28.266473,vechain,0.00710089
2026-04-18 17:49:28.269465,hedera-hashgraph,0.088988
2026-04-18 17:49:28.272457,algorand,0.107957
2026-04-18 17:49:28.276388,the-sandbox,0.080566
2026-04-18 17:49:28.279395,decentraland,0.092385
2026-04-18 17:49:28.283883,theta-token,0.221128
2026-04-18 17:49:28.287873,axie-infinity,1.13
2026-04-18 17:49:28.290865,elrond-erd-2,4.21
2026-04-18 17:49:28.295035,tezos,0.365715
2026-04-18 17:49:28.300019,flow,0.03579557
2026-04-18 17:49:28.304007,eos,0.081902
2026-04-18 17:49:28.308845,neo,2.9
2026-04-18 17:49:28.312834,kava,0.056447
2026-04-18 17:49:28.314980,dash,34.64
2026-04-18 17:49:28.317973,zcash,322.94
2026-04-18 17:49:28.321964,iota,0.057257
2026-04-18 17:49:28.325180,maker,1788.96
2026-04-18 17:49:28.329103,aave,104.86
2026-04-18 17:49:28.332093,compound-governance-token,26.83
2026-04-18 17:49:28.338995,sushi,0.213234
2026-04-18 17:49:28.345986,yearn-finance,2694.41
2026-04-18 17:49:28.349966,curve-dao-token,0.231296
2026-04-18 17:50:29.344643,bitcoin,75813
2026-04-18 17:50:29.348632,ethereum,2353.93
2026-04-18 17:50:29.356619,tether,1.0
2026-04-18 17:50:29.361598,usd-coin,0.999875
2026-04-18 17:50:29.366587,binancecoin,631.34
2026-04-18 17:50:29.370580,solana,86.22
2026-04-18 17:50:29.375564,ripple,1.43
2026-04-18 17:50:29.382541,cardano,0.249095
2026-04-18 17:50:29.387528,dogecoin,0.095039
2026-04-18 17:50:29.396506,tron,0.329094
2026-04-18 17:50:29.402493,polkadot,1.28
2026-04-18 17:50:29.407487,litecoin,55.5
2026-04-18 17:50:29.414459,bitcoin-cash,444.38
2026-04-18 17:50:29.418448,chainlink,9.31
2026-04-18 17:50:29.424435,stellar,0.169431
2026-04-18 17:50:29.429418,uniswap,3.37
2026-04-18 17:50:29.433405,avalanche-2,9.39
2026-04-18 17:50:29.439395,cosmos,1.78
2026-04-18 17:50:29.444377,monero,349.35
2026-04-18 17:50:29.447369,ethereum-classic,8.48
2026-04-18 17:50:29.451358,filecoin,0.949956
2026-04-18 17:50:29.455349,aptos,0.940349
2026-04-18 17:50:29.460334,arbitrum,0.126514
2026-04-18 17:50:29.464324,optimism,0.126571
2026-04-18 17:50:29.470313,near,1.36
2026-04-18 17:50:29.474297,internet-computer,2.49
2026-04-18 17:50:29.478285,vechain,0.00710052
2026-04-18 17:50:29.482277,hedera-hashgraph,0.088997
2026-04-18 17:50:29.485269,algorand,0.107942
2026-04-18 17:50:29.489259,the-sandbox,0.080541
2026-04-18 17:50:29.493247,decentraland,0.092381
2026-04-18 17:50:29.498234,theta-token,0.221023
2026-04-18 17:50:29.502224,axie-infinity,1.13
2026-04-18 17:50:29.506214,elrond-erd-2,4.21
2026-04-18 17:50:29.510203,tezos,0.365736
2026-04-18 17:50:29.515189,flow,0.03578029
2026-04-18 17:50:29.518181,eos,0.081902
2026-04-18 17:50:29.523165,neo,2.9
2026-04-18 17:50:29.528253,kava,0.056454
2026-04-18 17:50:29.534238,dash,34.63
2026-04-18 17:50:29.538223,zcash,322.96
2026-04-18 17:50:29.545214,iota,0.057263
2026-04-18 17:50:29.550192,maker,1789.23
2026-04-18 17:50:29.553184,aave,104.99
2026-04-18 17:50:29.556175,compound-governance-token,26.83
2026-04-18 17:50:29.563161,sushi,0.213241
2026-04-18 17:50:29.568150,yearn-finance,2695.41
2026-04-18 17:50:29.571134,curve-dao-token,0.231333
2026-04-18 17:51:30.438047,bitcoin,75836
2026-04-18 17:51:30.442028,ethereum,2354.26
2026-04-18 17:51:30.447488,tether,1.0
2026-04-18 17:51:30.451464,usd-coin,0.999845
2026-04-18 17:51:30.457930,binancecoin,631.37
2026-04-18 17:51:30.461931,solana,86.25
2026-04-18 17:51:30.465294,ripple,1.43
2026-04-18 17:51:30.468286,cardano,0.249098
2026-04-18 17:51:30.474830,dogecoin,0.095068
2026-04-18 17:51:30.479161,tron,0.329111
2026-04-18 17:51:30.483144,polkadot,1.28
2026-04-18 17:51:30.486492,litecoin,55.5
2026-04-18 17:51:30.489498,bitcoin-cash,444.38
2026-04-18 17:51:30.494672,chainlink,9.31
2026-04-18 17:51:30.498647,stellar,0.169454
2026-04-18 17:51:30.501639,uniswap,3.37
2026-04-18 17:51:30.504778,avalanche-2,9.39
2026-04-18 17:51:30.508766,cosmos,1.78
2026-04-18 17:51:30.511790,monero,349.48
2026-04-18 17:51:30.515022,ethereum-classic,8.48
2026-04-18 17:51:30.518010,filecoin,0.949905
2026-04-18 17:51:30.522993,aptos,0.940729
2026-04-18 17:51:30.526122,arbitrum,0.126531
2026-04-18 17:51:30.530299,optimism,0.126591
2026-04-18 17:51:30.532419,near,1.36
2026-04-18 17:51:30.536656,internet-computer,2.49
2026-04-18 17:51:30.542652,vechain,0.00709996
2026-04-18 17:51:30.547118,hedera-hashgraph,0.089036
2026-04-18 17:51:30.550111,algorand,0.10794
2026-04-18 17:51:30.556232,the-sandbox,0.080553
2026-04-18 17:51:30.560212,decentraland,0.092397
2026-04-18 17:51:30.563367,theta-token,0.221212
2026-04-18 17:51:30.566361,axie-infinity,1.13
2026-04-18 17:51:30.570355,elrond-erd-2,4.21
2026-04-18 17:51:30.576514,tezos,0.365758
2026-04-18 17:51:30.579493,flow,0.03577624
2026-04-18 17:51:30.582484,eos,0.081902
2026-04-18 17:51:30.585639,neo,2.9
2026-04-18 17:51:30.592984,kava,0.056487
2026-04-18 17:51:30.596167,dash,34.64
2026-04-18 17:51:30.598160,zcash,322.74
2026-04-18 17:51:30.604146,iota,0.057336
2026-04-18 17:51:30.609932,maker,1792.91
2026-04-18 17:51:30.611907,aave,105.15
2026-04-18 17:51:30.615033,compound-governance-token,26.84
2026-04-18 17:51:30.617027,sushi,0.213466
2026-04-18 17:51:30.622034,yearn-finance,2695.96
2026-04-18 17:51:30.626187,curve-dao-token,0.231371
2026-04-18 17:52:31.508022,bitcoin,75840
2026-04-18 17:52:31.511942,ethereum,2354.7
2026-04-18 17:52:31.522091,tether,1.0
2026-04-18 17:52:31.526391,usd-coin,0.999872
2026-04-18 17:52:31.529379,binancecoin,631.43
2026-04-18 17:52:31.534035,solana,86.26
2026-04-18 17:52:31.539025,ripple,1.43
2026-04-18 17:52:31.543014,cardano,0.249157
2026-04-18 17:52:31.546439,dogecoin,0.095086
2026-04-18 17:52:31.550432,tron,0.328976
2026-04-18 17:52:31.554568,polkadot,1.28
2026-04-18 17:52:31.557555,litecoin,55.52
2026-04-18 17:52:31.560557,bitcoin-cash,444.5
2026-04-18 17:52:31.563831,chainlink,9.32
2026-04-18 17:52:31.568819,stellar,0.169485
2026-04-18 17:52:31.571826,uniswap,3.37
2026-04-18 17:52:31.577197,avalanche-2,9.4
2026-04-18 17:52:31.580210,cosmos,1.79
2026-04-18 17:52:31.584379,monero,349.64
2026-04-18 17:52:31.588370,ethereum-classic,8.49
2026-04-18 17:52:31.590363,filecoin,0.950404
2026-04-18 17:52:31.593481,aptos,0.940823
2026-04-18 17:52:31.599483,arbitrum,0.126559
2026-04-18 17:52:31.603466,optimism,0.126573
2026-04-18 17:52:31.607015,near,1.36
2026-04-18 17:52:31.609002,internet-computer,2.49
2026-04-18 17:52:31.613990,vechain,0.007101
2026-04-18 17:52:31.620564,hedera-hashgraph,0.089053
2026-04-18 17:52:31.624690,algorand,0.10796
2026-04-18 17:52:31.629679,the-sandbox,0.080567
2026-04-18 17:52:31.635858,decentraland,0.092451
2026-04-18 17:52:31.639864,theta-token,0.221865
2026-04-18 17:52:31.643838,axie-infinity,1.13
2026-04-18 17:52:31.649248,elrond-erd-2,4.21
2026-04-18 17:52:31.653968,tezos,0.365878
2026-04-18 17:52:31.656961,flow,0.03577787
2026-04-18 17:52:31.658960,eos,0.081902
2026-04-18 17:52:31.662963,neo,2.9
2026-04-18 17:52:31.669175,kava,0.056505
2026-04-18 17:52:31.672163,dash,34.64
2026-04-18 17:52:31.675408,zcash,323.12
2026-04-18 17:52:31.678397,iota,0.057343
2026-04-18 17:52:31.684718,maker,1790.5
2026-04-18 17:52:31.687695,aave,105.39
2026-04-18 17:52:31.690686,compound-governance-token,26.84
2026-04-18 17:52:31.693677,sushi,0.213496
2026-04-18 17:52:31.701356,yearn-finance,2696.9
2026-04-18 17:52:31.705502,curve-dao-token,0.231414
2026-04-18 17:53:32.556261,bitcoin,75844
2026-04-18 17:53:32.560252,ethereum,2354.47
2026-04-18 17:53:32.564399,tether,1.0
2026-04-18 17:53:32.570407,usd-coin,0.999892
2026-04-18 17:53:32.577406,binancecoin,631.53
2026-04-18 17:53:32.581386,solana,86.25
2026-04-18 17:53:32.584549,ripple,1.43
2026-04-18 17:53:32.588534,cardano,0.249187
2026-04-18 17:53:32.594059,dogecoin,0.095125
2026-04-18 17:53:32.598051,tron,0.328989
2026-04-18 17:53:32.602039,polkadot,1.28
2026-04-18 17:53:32.606229,litecoin,55.53
2026-04-18 17:53:32.612213,bitcoin-cash,444.52
2026-04-18 17:53:32.616410,chainlink,9.32
2026-04-18 17:53:32.618402,stellar,0.169625
2026-04-18 17:53:32.623395,uniswap,3.37
2026-04-18 17:53:32.628603,avalanche-2,9.4
2026-04-18 17:53:32.631019,cosmos,1.79
2026-04-18 17:53:32.634220,monero,349.68
2026-04-18 17:53:32.637214,ethereum-classic,8.49
2026-04-18 17:53:32.641207,filecoin,0.950423
2026-04-18 17:53:32.646847,aptos,0.941002
2026-04-18 17:53:32.650835,arbitrum,0.126548
2026-04-18 17:53:32.653838,optimism,0.126584
2026-04-18 17:53:32.658150,near,1.36
2026-04-18 17:53:32.662128,internet-computer,2.49
2026-04-18 17:53:32.666460,vechain,0.00709864
2026-04-18 17:53:32.668464,hedera-hashgraph,0.089074
2026-04-18 17:53:32.672440,algorand,0.10795
2026-04-18 17:53:32.677193,the-sandbox,0.080601
2026-04-18 17:53:32.680182,decentraland,0.092475
2026-04-18 17:53:32.683175,theta-token,0.221982
2026-04-18 17:53:32.685301,axie-infinity,1.13
2026-04-18 17:53:32.691292,elrond-erd-2,4.21
2026-04-18 17:53:32.696092,tezos,0.365886
2026-04-18 17:53:32.699094,flow,0.03579824
2026-04-18 17:53:32.701079,eos,0.0819
2026-04-18 17:53:32.706294,neo,2.9
2026-04-18 17:53:32.711288,kava,0.056509
2026-04-18 17:53:32.714494,dash,34.65
2026-04-18 17:53:32.718490,zcash,322.6
2026-04-18 17:53:32.722484,iota,0.057341
2026-04-18 17:53:32.726919,maker,1791.51
2026-04-18 17:53:32.730314,aave,105.54
2026-04-18 17:53:32.733400,compound-governance-token,26.85
2026-04-18 17:53:32.738941,sushi,0.213553
2026-04-18 17:53:32.742935,yearn-finance,2697.06
2026-04-18 17:53:32.746102,curve-dao-token,0.231457
2026-04-18 17:54:33.660137,bitcoin,75824
2026-04-18 17:54:33.665142,ethereum,2354.61
2026-04-18 17:54:33.673132,tether,1.0
2026-04-18 17:54:33.676124,usd-coin,0.999864
2026-04-18 17:54:33.680117,binancecoin,631.41
2026-04-18 17:54:33.686097,solana,86.26
2026-04-18 17:54:33.691083,ripple,1.43
2026-04-18 17:54:33.695074,cardano,0.249225
2026-04-18 17:54:33.700062,dogecoin,0.095092
2026-04-18 17:54:33.705045,tron,0.329027
2026-04-18 17:54:33.709039,polkadot,1.28
2026-04-18 17:54:33.717553,litecoin,55.55
2026-04-18 17:54:33.721543,bitcoin-cash,444.62
2026-04-18 17:54:33.724535,chainlink,9.32
2026-04-18 17:54:33.727530,stellar,0.169739
2026-04-18 17:54:33.732515,uniswap,3.37
2026-04-18 17:54:33.737583,avalanche-2,9.4
2026-04-18 17:54:33.741601,cosmos,1.79
2026-04-18 17:54:33.744560,monero,349.61
2026-04-18 17:54:33.751549,ethereum-classic,8.49
2026-04-18 17:54:33.757525,filecoin,0.95032
2026-04-18 17:54:33.760517,aptos,0.940936
2026-04-18 17:54:33.765510,arbitrum,0.126572
2026-04-18 17:54:33.769493,optimism,0.12663
2026-04-18 17:54:33.775557,near,1.36
2026-04-18 17:54:33.778548,internet-computer,2.49
2026-04-18 17:54:33.783534,vechain,0.00709936
2026-04-18 17:54:33.788519,hedera-hashgraph,0.089072
2026-04-18 17:54:33.791512,algorand,0.107912
2026-04-18 17:54:33.795501,the-sandbox,0.080614
2026-04-18 17:54:33.800490,decentraland,0.092477
2026-04-18 17:54:33.804685,theta-token,0.222068
2026-04-18 17:54:33.806680,axie-infinity,1.13
2026-04-18 17:54:33.810671,elrond-erd-2,4.21
2026-04-18 17:54:33.815659,tezos,0.36593
2026-04-18 17:54:33.819646,flow,0.03578987
2026-04-18 17:54:33.822637,eos,0.0819
2026-04-18 17:54:33.826628,neo,2.9
2026-04-18 17:54:33.829620,kava,0.056532
2026-04-18 17:54:33.835604,dash,34.65
2026-04-18 17:54:33.838595,zcash,322.65
2026-04-18 17:54:33.842587,iota,0.057331
2026-04-18 17:54:33.845578,maker,1787.28
2026-04-18 17:54:33.851562,aave,105.42
2026-04-18 17:54:33.854552,compound-governance-token,26.85
2026-04-18 17:54:33.858552,sushi,0.213576
2026-04-18 17:54:33.861535,yearn-finance,2697.6
2026-04-18 17:54:33.867849,curve-dao-token,0.2315
2026-04-18 17:55:34.813311,bitcoin,75816
2026-04-18 17:55:34.818299,ethereum,2354.63
2026-04-18 17:55:34.829269,tether,1.0
2026-04-18 17:55:34.832263,usd-coin,0.999872
2026-04-18 17:55:34.835254,binancecoin,631.15
2026-04-18 17:55:34.849215,solana,86.27
2026-04-18 17:55:34.863188,ripple,1.43
2026-04-18 17:55:34.868165,cardano,0.249252
2026-04-18 17:55:34.872154,dogecoin,0.0951
2026-04-18 17:55:34.880133,tron,0.329028
2026-04-18 17:55:34.885121,polkadot,1.28
2026-04-18 17:55:34.888127,litecoin,55.55
2026-04-18 17:55:34.896095,bitcoin-cash,444.63
2026-04-18 17:55:34.903076,chainlink,9.32
2026-04-18 17:55:34.908070,stellar,0.169848
2026-04-18 17:55:34.914070,uniswap,3.37
2026-04-18 17:55:34.918033,avalanche-2,9.41
2026-04-18 17:55:34.921026,cosmos,1.79
2026-04-18 17:55:34.927156,monero,349.64
2026-04-18 17:55:34.931144,ethereum-classic,8.49
2026-04-18 17:55:34.933223,filecoin,0.950459
2026-04-18 17:55:34.937477,aptos,0.941196
2026-04-18 17:55:34.941475,arbitrum,0.126649
2026-04-18 17:55:34.946060,optimism,0.126636
2026-04-18 17:55:34.949043,near,1.36
2026-04-18 17:55:34.952046,internet-computer,2.49
2026-04-18 17:55:34.955203,vechain,0.00709759
2026-04-18 17:55:34.961183,hedera-hashgraph,0.089081
2026-04-18 17:55:34.964287,algorand,0.107907
2026-04-18 17:55:34.967453,the-sandbox,0.080623
2026-04-18 17:55:34.971444,decentraland,0.092479
2026-04-18 17:55:34.976848,theta-token,0.221962
2026-04-18 17:55:34.978850,axie-infinity,1.13
2026-04-18 17:55:34.982836,elrond-erd-2,4.21
2026-04-18 17:55:34.987007,tezos,0.365898
2026-04-18 17:55:34.991990,flow,0.03576214
2026-04-18 17:55:34.995241,eos,0.0819
2026-04-18 17:55:34.999233,neo,2.9
2026-04-18 17:55:35.002221,kava,0.05655
2026-04-18 17:55:35.005473,dash,34.65
2026-04-18 17:55:35.008464,zcash,322.69
2026-04-18 17:55:35.011458,iota,0.057334
2026-04-18 17:55:35.015585,maker,1787.13
2026-04-18 17:55:35.018578,aave,105.36
2026-04-18 17:55:35.021571,compound-governance-token,26.85
2026-04-18 17:55:35.025989,sushi,0.21359
2026-04-18 17:55:35.029977,yearn-finance,2697.71
2026-04-18 17:55:35.033152,curve-dao-token,0.231533
2026-04-18 17:56:35.958900,bitcoin,75799
2026-04-18 17:56:35.963887,ethereum,2353.8
2026-04-18 17:56:35.974921,tether,1.0
2026-04-18 17:56:35.978915,usd-coin,0.999896
2026-04-18 17:56:35.988895,binancecoin,630.82
2026-04-18 17:56:35.992874,solana,86.23
2026-04-18 17:56:36.006332,ripple,1.43
2026-04-18 17:56:36.011349,cardano,0.249233
2026-04-18 17:56:36.013959,dogecoin,0.095098
2026-04-18 17:56:36.023880,tron,0.328975
2026-04-18 17:56:36.030359,polkadot,1.28
2026-04-18 17:56:36.040328,litecoin,55.53
2026-04-18 17:56:36.045636,bitcoin-cash,444.53
2026-04-18 17:56:36.052620,chainlink,9.32
2026-04-18 17:56:36.056608,stellar,0.169871
2026-04-18 17:56:36.062595,uniswap,3.37
2026-04-18 17:56:36.068840,avalanche-2,9.41
2026-04-18 17:56:36.073826,cosmos,1.79
2026-04-18 17:56:36.077054,monero,349.74
2026-04-18 17:56:36.081040,ethereum-classic,8.49
2026-04-18 17:56:36.090029,filecoin,0.950314
2026-04-18 17:56:36.094079,aptos,0.941275
2026-04-18 17:56:36.098154,arbitrum,0.126779
2026-04-18 17:56:36.106127,optimism,0.126632
2026-04-18 17:56:36.109121,near,1.35
2026-04-18 17:56:36.112111,internet-computer,2.49
2026-04-18 17:56:36.119398,vechain,0.00709626
2026-04-18 17:56:36.124579,hedera-hashgraph,0.08909
2026-04-18 17:56:36.127572,algorand,0.107882
2026-04-18 17:56:36.131558,the-sandbox,0.08065
2026-04-18 17:56:36.138542,decentraland,0.092474
2026-04-18 17:56:36.142572,theta-token,0.222008
2026-04-18 17:56:36.146017,axie-infinity,1.13
2026-04-18 17:56:36.151007,elrond-erd-2,4.21
2026-04-18 17:56:36.156986,tezos,0.365885
2026-04-18 17:56:36.158981,flow,0.03575255
2026-04-18 17:56:36.167266,eos,0.0819
2026-04-18 17:56:36.173421,neo,2.9
2026-04-18 17:56:36.177413,kava,0.056526
2026-04-18 17:56:36.185395,dash,34.64
2026-04-18 17:56:36.190377,zcash,323.26
2026-04-18 17:56:36.196265,iota,0.057289
2026-04-18 17:56:36.203261,maker,1791.88
2026-04-18 17:56:36.210228,aave,105.09
2026-04-18 17:56:36.215744,compound-governance-token,26.85
2026-04-18 17:56:36.221723,sushi,0.2136
2026-04-18 17:56:36.226831,yearn-finance,2697.81
2026-04-18 17:56:36.229829,curve-dao-token,0.231549
2026-04-18 17:57:37.237483,bitcoin,75769
2026-04-18 17:57:37.241680,ethereum,2352.82
2026-04-18 17:57:37.258644,tether,1.0
2026-04-18 17:57:37.270605,usd-coin,0.999912
2026-04-18 17:57:37.278068,binancecoin,630.77
2026-04-18 17:57:37.278907,solana,86.22
2026-04-18 17:57:37.303880,ripple,1.43
2026-04-18 17:57:37.323782,cardano,0.249177
2026-04-18 17:57:37.337445,dogecoin,0.09507
2026-04-18 17:57:37.341433,tron,0.328999
2026-04-18 17:57:37.347210,polkadot,1.28
2026-04-18 17:57:37.360918,litecoin,55.53
2026-04-18 17:57:37.372472,bitcoin-cash,444.52
2026-04-18 17:57:37.384184,chainlink,9.32
2026-04-18 17:57:37.391399,stellar,0.169859
2026-04-18 17:57:37.400377,uniswap,3.37
2026-04-18 17:57:37.408556,avalanche-2,9.41
2026-04-18 17:57:37.419165,cosmos,1.79
2026-04-18 17:57:37.424351,monero,349.75
2026-04-18 17:57:37.435113,ethereum-classic,8.49
2026-04-18 17:57:37.439524,filecoin,0.950237
2026-04-18 17:57:37.448499,aptos,0.941254
2026-04-18 17:57:37.454704,arbitrum,0.126775
2026-04-18 17:57:37.457692,optimism,0.126611
2026-04-18 17:57:37.469101,near,1.35
2026-04-18 17:57:37.472087,internet-computer,2.49
2026-04-18 17:57:37.477462,vechain,0.00709714
2026-04-18 17:57:37.485528,hedera-hashgraph,0.089089
2026-04-18 17:57:37.489517,algorand,0.107865
2026-04-18 17:57:37.494504,the-sandbox,0.080647
2026-04-18 17:57:37.504685,decentraland,0.092475
2026-04-18 17:57:37.507665,theta-token,0.222008
2026-04-18 17:57:37.520641,axie-infinity,1.13
2026-04-18 17:57:37.523793,elrond-erd-2,4.21
2026-04-18 17:57:37.533770,tezos,0.365786
2026-04-18 17:57:37.538983,flow,0.03573525
2026-04-18 17:57:37.546822,eos,0.0819
2026-04-18 17:57:37.554998,neo,2.9
2026-04-18 17:57:37.565968,kava,0.056523
2026-04-18 17:57:37.573658,dash,34.64
2026-04-18 17:57:37.580652,zcash,323.26
2026-04-18 17:57:37.586947,iota,0.057289
2026-04-18 17:57:37.590937,maker,1792.42
2026-04-18 17:57:37.604072,aave,105.13
2026-04-18 17:57:37.607067,compound-governance-token,26.85
2026-04-18 17:57:37.617272,sushi,0.213463
2026-04-18 17:57:37.624528,yearn-finance,2697.67
2026-04-18 17:57:37.637660,curve-dao-token,0.231549
2026-04-18 17:58:38.509152,bitcoin,75751
2026-04-18 17:58:38.513134,ethereum,2352.72
2026-04-18 17:58:38.523875,tether,1.0
2026-04-18 17:58:38.526870,usd-coin,0.999889
2026-04-18 17:58:38.528862,binancecoin,630.63
2026-04-18 17:58:38.531854,solana,86.2
2026-04-18 17:58:38.536077,ripple,1.43
2026-04-18 17:58:38.541065,cardano,0.249181
2026-04-18 17:58:38.545773,dogecoin,0.09504
2026-04-18 17:58:38.549754,tron,0.329128
2026-04-18 17:58:38.552750,polkadot,1.28
2026-04-18 17:58:38.555589,litecoin,55.53
2026-04-18 17:58:38.558583,bitcoin-cash,444.48
2026-04-18 17:58:38.561574,chainlink,9.32
2026-04-18 17:58:38.564691,stellar,0.169879
2026-04-18 17:58:38.569677,uniswap,3.37
2026-04-18 17:58:38.572684,avalanche-2,9.41
2026-04-18 17:58:38.576942,cosmos,1.79
2026-04-18 17:58:38.579937,monero,349.73
2026-04-18 17:58:38.584062,ethereum-classic,8.5
2026-04-18 17:58:38.587581,filecoin,0.949754
2026-04-18 17:58:38.590570,aptos,0.941396
2026-04-18 17:58:38.596847,arbitrum,0.12675
2026-04-18 17:58:38.599843,optimism,0.126602
2026-04-18 17:58:38.604975,near,1.35
2026-04-18 17:58:38.607962,internet-computer,2.49
2026-04-18 17:58:38.610972,vechain,0.00709551
2026-04-18 17:58:38.615135,hedera-hashgraph,0.089083
2026-04-18 17:58:38.618127,algorand,0.107841
2026-04-18 17:58:38.622128,the-sandbox,0.080637
2026-04-18 17:58:38.625358,decentraland,0.092474
2026-04-18 17:58:38.629352,theta-token,0.221944
2026-04-18 17:58:38.632341,axie-infinity,1.13
2026-04-18 17:58:38.635596,elrond-erd-2,4.21
2026-04-18 17:58:38.639588,tezos,0.365724
2026-04-18 17:58:38.642581,flow,0.03571178
2026-04-18 17:58:38.647125,eos,0.0819
2026-04-18 17:58:38.649112,neo,2.9
2026-04-18 17:58:38.654325,kava,0.056497
2026-04-18 17:58:38.657326,dash,34.64
2026-04-18 17:58:38.661316,zcash,323.36
2026-04-18 17:58:38.663430,iota,0.057285
2026-04-18 17:58:38.666424,maker,1787.01
2026-04-18 17:58:38.673989,aave,105.27
2026-04-18 17:58:38.677976,compound-governance-token,26.82
2026-04-18 17:58:38.679972,sushi,0.213453
2026-04-18 17:58:38.682964,yearn-finance,2697.26
2026-04-18 17:58:38.690113,curve-dao-token,0.231575
2026-04-18 17:59:39.642604,bitcoin,75757
2026-04-18 17:59:39.648773,ethereum,2353.49
2026-04-18 17:59:39.652757,tether,1.0
2026-04-18 17:59:39.656214,usd-coin,0.999917
2026-04-18 17:59:39.659203,binancecoin,630.61
2026-04-18 17:59:39.662198,solana,86.22
2026-04-18 17:59:39.665956,ripple,1.43
2026-04-18 17:59:39.669941,cardano,0.249242
2026-04-18 17:59:39.674237,dogecoin,0.095059
2026-04-18 17:59:39.679220,tron,0.329118
2026-04-18 17:59:39.682215,polkadot,1.28
2026-04-18 17:59:39.685560,litecoin,55.53
2026-04-18 17:59:39.688549,bitcoin-cash,444.59
2026-04-18 17:59:39.693542,chainlink,9.31
2026-04-18 17:59:39.697874,stellar,0.16989
2026-04-18 17:59:39.702863,uniswap,3.37
2026-04-18 17:59:39.706034,avalanche-2,9.41
2026-04-18 17:59:39.710022,cosmos,1.79
2026-04-18 17:59:39.713015,monero,349.73
2026-04-18 17:59:39.716330,ethereum-classic,8.5
2026-04-18 17:59:39.720324,filecoin,0.949635
2026-04-18 17:59:39.724451,aptos,0.941551
2026-04-18 17:59:39.726445,arbitrum,0.126781
2026-04-18 17:59:39.731434,optimism,0.126586
2026-04-18 17:59:39.734742,near,1.35
2026-04-18 17:59:39.738690,internet-computer,2.49
2026-04-18 17:59:39.741678,vechain,0.00709448
2026-04-18 17:59:39.745852,hedera-hashgraph,0.089106
2026-04-18 17:59:39.750838,algorand,0.10781
2026-04-18 17:59:39.754024,the-sandbox,0.080621
2026-04-18 17:59:39.758015,decentraland,0.092473
2026-04-18 17:59:39.768481,theta-token,0.221756
2026-04-18 17:59:39.771472,axie-infinity,1.13
2026-04-18 17:59:39.774712,elrond-erd-2,4.22
2026-04-18 17:59:39.778699,tezos,0.365793
2026-04-18 17:59:39.784683,flow,0.03572449
2026-04-18 17:59:39.788674,eos,0.0819
2026-04-18 17:59:39.792663,neo,2.9
2026-04-18 17:59:39.801108,kava,0.056489
2026-04-18 17:59:39.805287,dash,34.64
2026-04-18 17:59:39.809257,zcash,323.4
2026-04-18 17:59:39.817236,iota,0.057314
2026-04-18 17:59:39.820237,maker,1791.82
2026-04-18 17:59:39.824218,aave,105.41
2026-04-18 17:59:39.827208,compound-governance-token,26.84
2026-04-18 17:59:39.833196,sushi,0.213406
2026-04-18 17:59:39.836197,yearn-finance,2697.01
2026-04-18 17:59:39.839177,curve-dao-token,0.231563
2026-04-18 18:00:40.797989,bitcoin,75766
2026-04-18 18:00:40.801977,ethereum,2353.44
2026-04-18 18:00:40.814244,tether,1.0
2026-04-18 18:00:40.818237,usd-coin,0.999871
2026-04-18 18:00:40.831198,binancecoin,630.6
2026-04-18 18:00:40.835187,solana,86.22
2026-04-18 18:00:40.841175,ripple,1.43
2026-04-18 18:00:40.845159,cardano,0.249202
2026-04-18 18:00:40.850146,dogecoin,0.095051
2026-04-18 18:00:40.855001,tron,0.329115
2026-04-18 18:00:40.860982,polkadot,1.28
2026-04-18 18:00:40.864975,litecoin,55.55
2026-04-18 18:00:40.869557,bitcoin-cash,444.61
2026-04-18 18:00:40.875528,chainlink,9.31
2026-04-18 18:00:40.880532,stellar,0.169944
2026-04-18 18:00:40.884515,uniswap,3.37
2026-04-18 18:00:40.890489,avalanche-2,9.41
2026-04-18 18:00:40.895470,cosmos,1.79
2026-04-18 18:00:40.900461,monero,349.92
2026-04-18 18:00:40.905442,ethereum-classic,8.5
2026-04-18 18:00:40.909443,filecoin,0.949893
2026-04-18 18:00:40.914422,aptos,0.941675
2026-04-18 18:00:40.918408,arbitrum,0.126796
2026-04-18 18:00:40.923394,optimism,0.126579
2026-04-18 18:00:40.928383,near,1.35
2026-04-18 18:00:40.933370,internet-computer,2.49
2026-04-18 18:00:40.936361,vechain,0.00709329
2026-04-18 18:00:40.941347,hedera-hashgraph,0.089118
2026-04-18 18:00:40.944374,algorand,0.107789
2026-04-18 18:00:40.948327,the-sandbox,0.08062
2026-04-18 18:00:40.951320,decentraland,0.092475
2026-04-18 18:00:40.954311,theta-token,0.221858
2026-04-18 18:00:40.959309,axie-infinity,1.13
2026-04-18 18:00:40.962295,elrond-erd-2,4.22
2026-04-18 18:00:40.966280,tezos,0.36583
2026-04-18 18:00:40.968273,flow,0.03572376
2026-04-18 18:00:40.975266,eos,0.0819
2026-04-18 18:00:40.978266,neo,2.9
2026-04-18 18:00:40.982237,kava,0.056484
2026-04-18 18:00:40.985230,dash,34.65
2026-04-18 18:00:40.993218,zcash,323.07
2026-04-18 18:00:40.996199,iota,0.057307
2026-04-18 18:00:40.999190,maker,1791.58
2026-04-18 18:00:41.001186,aave,105.47
2026-04-18 18:00:41.009175,compound-governance-token,26.84
2026-04-18 18:00:41.013154,sushi,0.21339
2026-04-18 18:00:41.016147,yearn-finance,2697.12
2026-04-18 18:00:41.020137,curve-dao-token,0.231577
2026-04-18 18:01:41.949027,bitcoin,75782
2026-04-18 18:01:41.952197,ethereum,2353.68
2026-04-18 18:01:41.958415,tether,1.0
2026-04-18 18:01:41.964589,usd-coin,0.999877
2026-04-18 18:01:41.969580,binancecoin,630.69
2026-04-18 18:01:41.971571,solana,86.22
2026-04-18 18:01:41.975777,ripple,1.43
2026-04-18 18:01:41.979765,cardano,0.249169
2026-04-18 18:01:41.986344,dogecoin,0.095069
2026-04-18 18:01:41.988338,tron,0.329122
2026-04-18 18:01:41.992328,polkadot,1.28
2026-04-18 18:01:41.995579,litecoin,55.53
2026-04-18 18:01:42.000565,bitcoin-cash,444.53
2026-04-18 18:01:42.004675,chainlink,9.31
2026-04-18 18:01:42.007669,stellar,0.169877
2026-04-18 18:01:42.010659,uniswap,3.37
2026-04-18 18:01:42.016329,avalanche-2,9.41
2026-04-18 18:01:42.019308,cosmos,1.79
2026-04-18 18:01:42.023349,monero,349.8
2026-04-18 18:01:42.026957,ethereum-classic,8.5
2026-04-18 18:01:42.030938,filecoin,0.949771
2026-04-18 18:01:42.034311,aptos,0.941503
2026-04-18 18:01:42.038305,arbitrum,0.126822
2026-04-18 18:01:42.043310,optimism,0.126536
2026-04-18 18:01:42.046790,near,1.35
2026-04-18 18:01:42.049782,internet-computer,2.49
2026-04-18 18:01:42.052774,vechain,0.00709294
2026-04-18 18:01:42.057108,hedera-hashgraph,0.089105
2026-04-18 18:01:42.061110,algorand,0.107605
2026-04-18 18:01:42.064277,the-sandbox,0.080626
2026-04-18 18:01:42.067799,decentraland,0.092468
2026-04-18 18:01:42.071775,theta-token,0.221756
2026-04-18 18:01:42.075121,axie-infinity,1.13
2026-04-18 18:01:42.079106,elrond-erd-2,4.22
2026-04-18 18:01:42.083332,tezos,0.36581
2026-04-18 18:01:42.087324,flow,0.03572964
2026-04-18 18:01:42.091315,eos,0.0819
2026-04-18 18:01:42.095140,neo,2.9
2026-04-18 18:01:42.100122,kava,0.056448
2026-04-18 18:01:42.106441,dash,34.64
2026-04-18 18:01:42.109423,zcash,322.8
2026-04-18 18:01:42.112415,iota,0.057308
2026-04-18 18:01:42.118340,maker,1792.65
2026-04-18 18:01:42.122484,aave,105.37
2026-04-18 18:01:42.126961,compound-governance-token,26.86
2026-04-18 18:01:42.129953,sushi,0.213385
2026-04-18 18:01:42.136140,yearn-finance,2697.18
2026-04-18 18:01:42.141128,curve-dao-token,0.231572
2026-04-18 18:02:43.091271,bitcoin,75792
2026-04-18 18:02:43.094264,ethereum,2354.05
2026-04-18 18:02:43.100248,tether,1.0
2026-04-18 18:02:43.104234,usd-coin,0.999875
2026-04-18 18:02:43.109233,binancecoin,630.96
2026-04-18 18:02:43.113217,solana,86.23
2026-04-18 18:02:43.117202,ripple,1.43
2026-04-18 18:02:43.121190,cardano,0.24923
2026-04-18 18:02:43.125182,dogecoin,0.095085
2026-04-18 18:02:43.130168,tron,0.329197
2026-04-18 18:02:43.134166,polkadot,1.28
2026-04-18 18:02:43.138149,litecoin,55.54
2026-04-18 18:02:43.142135,bitcoin-cash,444.55
2026-04-18 18:02:43.147124,chainlink,9.31
2026-04-18 18:02:43.149118,stellar,0.169854
2026-04-18 18:02:43.153104,uniswap,3.37
2026-04-18 18:02:43.157096,avalanche-2,9.41
2026-04-18 18:02:43.161083,cosmos,1.79
2026-04-18 18:02:43.165079,monero,350.1
2026-04-18 18:02:43.169062,ethereum-classic,8.5
2026-04-18 18:02:43.172054,filecoin,0.95015
2026-04-18 18:02:43.177042,aptos,0.941525
2026-04-18 18:02:43.180037,arbitrum,0.126942
2026-04-18 18:02:43.184024,optimism,0.126552
2026-04-18 18:02:43.187013,near,1.35
2026-04-18 18:02:43.194000,internet-computer,2.5
2026-04-18 18:02:43.196989,vechain,0.0070907
2026-04-18 18:02:43.200007,hedera-hashgraph,0.089122
2026-04-18 18:02:43.201974,algorand,0.107567
2026-04-18 18:02:43.205964,the-sandbox,0.080638
2026-04-18 18:02:43.210962,decentraland,0.092539
2026-04-18 18:02:43.213943,theta-token,0.221782
2026-04-18 18:02:43.215936,axie-infinity,1.13
2026-04-18 18:02:43.218928,elrond-erd-2,4.23
2026-04-18 18:02:43.223559,tezos,0.365801
2026-04-18 18:02:43.227671,flow,0.03573995
2026-04-18 18:02:43.230661,eos,0.081909
2026-04-18 18:02:43.233652,neo,2.9
2026-04-18 18:02:43.235647,kava,0.056448
2026-04-18 18:02:43.238640,dash,34.64
2026-04-18 18:02:43.242634,zcash,323.06
2026-04-18 18:02:43.246630,iota,0.057276
2026-04-18 18:02:43.249611,maker,1786.37
2026-04-18 18:02:43.252602,aave,105.19
2026-04-18 18:02:43.254597,compound-governance-token,26.85
2026-04-18 18:02:43.260581,sushi,0.213576
2026-04-18 18:02:43.263574,yearn-finance,2697.21
2026-04-18 18:02:43.267562,curve-dao-token,0.231613
2026-04-18 18:03:44.385422,bitcoin,75817
2026-04-18 18:03:44.389417,ethereum,2354.49
2026-04-18 18:03:44.395129,tether,1.0
2026-04-18 18:03:44.400117,usd-coin,0.999882
2026-04-18 18:03:44.406102,binancecoin,631.09
2026-04-18 18:03:44.411092,solana,86.24
2026-04-18 18:03:44.416082,ripple,1.43
2026-04-18 18:03:44.422058,cardano,0.24926
2026-04-18 18:03:44.426062,dogecoin,0.095101
2026-04-18 18:03:44.430037,tron,0.329261
2026-04-18 18:03:44.434425,polkadot,1.28
2026-04-18 18:03:44.439412,litecoin,55.54
2026-04-18 18:03:44.442412,bitcoin-cash,444.45
2026-04-18 18:03:44.445770,chainlink,9.31
2026-04-18 18:03:44.450757,stellar,0.169861
2026-04-18 18:03:44.454862,uniswap,3.37
2026-04-18 18:03:44.458853,avalanche-2,9.41
2026-04-18 18:03:44.462842,cosmos,1.79
2026-04-18 18:03:44.466382,monero,350.16
2026-04-18 18:03:44.470372,ethereum-classic,8.5
2026-04-18 18:03:44.474362,filecoin,0.950504
2026-04-18 18:03:44.480325,aptos,0.941655
2026-04-18 18:03:44.485727,arbitrum,0.127012
2026-04-18 18:03:44.490714,optimism,0.126573
2026-04-18 18:03:44.495700,near,1.35
2026-04-18 18:03:44.506676,internet-computer,2.5
2026-04-18 18:03:44.513653,vechain,0.00708935
2026-04-18 18:03:44.525621,hedera-hashgraph,0.089126
2026-04-18 18:03:44.544589,algorand,0.107531
2026-04-18 18:03:44.555340,the-sandbox,0.080641
2026-04-18 18:03:44.561313,decentraland,0.092528
2026-04-18 18:03:44.566892,theta-token,0.221795
2026-04-18 18:03:44.566892,axie-infinity,1.13
2026-04-18 18:03:44.582809,elrond-erd-2,4.23
2026-04-18 18:03:44.582809,tezos,0.365858
2026-04-18 18:03:44.582809,flow,0.0357376
2026-04-18 18:03:44.599392,eos,0.081909
2026-04-18 18:03:44.599392,neo,2.9
2026-04-18 18:03:44.611404,kava,0.056428
2026-04-18 18:03:44.620379,dash,34.64
2026-04-18 18:03:44.626729,zcash,323.3
2026-04-18 18:03:44.630719,iota,0.05728
2026-04-18 18:03:44.637703,maker,1792.09
2026-04-18 18:03:44.642695,aave,105.12
2026-04-18 18:03:44.647675,compound-governance-token,26.85
2026-04-18 18:03:44.652671,sushi,0.213604
2026-04-18 18:03:44.656659,yearn-finance,2697.27
2026-04-18 18:03:44.659642,curve-dao-token,0.231616
2026-04-18 18:04:45.615491,bitcoin,75829
2026-04-18 18:04:45.620474,ethereum,2354.55
2026-04-18 18:04:45.628442,tether,1.0
2026-04-18 18:04:45.635426,usd-coin,0.999888
2026-04-18 18:04:45.643409,binancecoin,631.28
2026-04-18 18:04:45.652377,solana,86.25
2026-04-18 18:04:45.656372,ripple,1.43
2026-04-18 18:04:45.664351,cardano,0.249316
2026-04-18 18:04:45.672331,dogecoin,0.095113
2026-04-18 18:04:45.680303,tron,0.329201
2026-04-18 18:04:45.688283,polkadot,1.28
2026-04-18 18:04:45.694266,litecoin,55.55
2026-04-18 18:04:45.703248,bitcoin-cash,444.46
2026-04-18 18:04:45.707235,chainlink,9.32
2026-04-18 18:04:45.720209,stellar,0.169891
2026-04-18 18:04:45.735156,uniswap,3.37
2026-04-18 18:04:45.739148,avalanche-2,9.41
2026-04-18 18:04:45.751113,cosmos,1.79
2026-04-18 18:04:45.755102,monero,350.34
2026-04-18 18:04:45.767069,ethereum-classic,8.5
2026-04-18 18:04:45.773056,filecoin,0.950766
2026-04-18 18:04:45.783038,aptos,0.942171
2026-04-18 18:04:45.786020,arbitrum,0.127078
2026-04-18 18:04:45.800980,optimism,0.126598
2026-04-18 18:04:45.817943,near,1.35
2026-04-18 18:04:45.830906,internet-computer,2.5
2026-04-18 18:04:45.836884,vechain,0.0070887
2026-04-18 18:04:45.886751,hedera-hashgraph,0.089114
2026-04-18 18:04:45.947587,algorand,0.10748
2026-04-18 18:04:45.958558,the-sandbox,0.080676
2026-04-18 18:04:45.965541,decentraland,0.09254
2026-04-18 18:04:45.973519,theta-token,0.221951
2026-04-18 18:04:45.983547,axie-infinity,1.13
2026-04-18 18:04:46.005725,elrond-erd-2,4.23
2026-04-18 18:04:46.018693,tezos,0.36578
2026-04-18 18:04:46.022680,flow,0.03574642
2026-04-18 18:04:46.031056,eos,0.081909
2026-04-18 18:04:46.036046,neo,2.9
2026-04-18 18:04:46.042027,kava,0.056426
2026-04-18 18:04:46.051013,dash,34.66
2026-04-18 18:04:46.055989,zcash,323.3
2026-04-18 18:04:46.066283,iota,0.057334
2026-04-18 18:04:46.069274,maker,1792.21
2026-04-18 18:04:46.075258,aave,104.98
2026-04-18 18:04:46.083239,compound-governance-token,26.84
2026-04-18 18:04:46.087225,sushi,0.213617
2026-04-18 18:04:46.095248,yearn-finance,2698.2
2026-04-18 18:04:46.101218,curve-dao-token,0.231646
2026-04-18 18:05:47.004644,bitcoin,75817
2026-04-18 18:05:47.007635,ethereum,2354.38
2026-04-18 18:05:47.012627,tether,1.0
2026-04-18 18:05:47.017865,usd-coin,0.999898
2026-04-18 18:05:47.022850,binancecoin,630.98
2026-04-18 18:05:47.025479,solana,86.21
2026-04-18 18:05:47.028472,ripple,1.43
2026-04-18 18:05:47.031464,cardano,0.24929
2026-04-18 18:05:47.034100,dogecoin,0.095034
2026-04-18 18:05:47.042225,tron,0.329269
2026-04-18 18:05:47.046168,polkadot,1.28
2026-04-18 18:05:47.051160,litecoin,55.53
2026-04-18 18:05:47.057535,bitcoin-cash,444.47
2026-04-18 18:05:47.060527,chainlink,9.31
2026-04-18 18:05:47.063656,stellar,0.16988
2026-04-18 18:05:47.066649,uniswap,3.37
2026-04-18 18:05:47.071635,avalanche-2,9.41
2026-04-18 18:05:47.075952,cosmos,1.79
2026-04-18 18:05:47.079941,monero,350.43
2026-04-18 18:05:47.081935,ethereum-classic,8.5
2026-04-18 18:05:47.085479,filecoin,0.950748
2026-04-18 18:05:47.090463,aptos,0.942203
2026-04-18 18:05:47.094595,arbitrum,0.127081
2026-04-18 18:05:47.097583,optimism,0.126601
2026-04-18 18:05:47.100575,near,1.35
2026-04-18 18:05:47.105535,internet-computer,2.5
2026-04-18 18:05:47.109516,vechain,0.00708784
2026-04-18 18:05:47.112506,hedera-hashgraph,0.089105
2026-04-18 18:05:47.115825,algorand,0.107464
2026-04-18 18:05:47.119816,the-sandbox,0.080675
2026-04-18 18:05:47.125132,decentraland,0.092461
2026-04-18 18:05:47.129112,theta-token,0.221999
2026-04-18 18:05:47.133101,axie-infinity,1.13
2026-04-18 18:05:47.140300,elrond-erd-2,4.23
2026-04-18 18:05:47.144374,tezos,0.36571
2026-04-18 18:05:47.147365,flow,0.03574043
2026-04-18 18:05:47.151356,eos,0.081909
2026-04-18 18:05:47.157600,neo,2.89
2026-04-18 18:05:47.160589,kava,0.056424
2026-04-18 18:05:47.164871,dash,34.67
2026-04-18 18:05:47.168868,zcash,322.85
2026-04-18 18:05:47.173843,iota,0.057319
2026-04-18 18:05:47.176239,maker,1792.62
2026-04-18 18:05:47.179230,aave,104.92
2026-04-18 18:05:47.184407,compound-governance-token,26.83
2026-04-18 18:05:47.188395,sushi,0.213614
2026-04-18 18:05:47.191386,yearn-finance,2697.98
2026-04-18 18:05:47.195511,curve-dao-token,0.231627
2026-04-18 18:06:48.033110,bitcoin,75815
2026-04-18 18:06:48.038232,ethereum,2353.86
2026-04-18 18:06:48.041496,tether,1.0
2026-04-18 18:06:48.047584,usd-coin,0.999924
2026-04-18 18:06:48.051577,binancecoin,630.92
2026-04-18 18:06:48.056229,solana,86.19
2026-04-18 18:06:48.058225,ripple,1.43
2026-04-18 18:06:48.062212,cardano,0.249204
2026-04-18 18:06:48.069051,dogecoin,0.095004
2026-04-18 18:06:48.072037,tron,0.329246
2026-04-18 18:06:48.075221,polkadot,1.28
2026-04-18 18:06:48.081201,litecoin,55.54
2026-04-18 18:06:48.085622,bitcoin-cash,444.42
2026-04-18 18:06:48.089611,chainlink,9.31
2026-04-18 18:06:48.092605,stellar,0.169866
2026-04-18 18:06:48.098699,uniswap,3.37
2026-04-18 18:06:48.102673,avalanche-2,9.4
2026-04-18 18:06:48.106421,cosmos,1.79
2026-04-18 18:06:48.112410,monero,350.29
2026-04-18 18:06:48.118086,ethereum-classic,8.5
2026-04-18 18:06:48.121079,filecoin,0.950247
2026-04-18 18:06:48.124167,aptos,0.942266
2026-04-18 18:06:48.130471,arbitrum,0.127118
2026-04-18 18:06:48.135962,optimism,0.12655
2026-04-18 18:06:48.138952,near,1.35
2026-04-18 18:06:48.142942,internet-computer,2.5
2026-04-18 18:06:48.147111,vechain,0.00708714
2026-04-18 18:06:48.151551,hedera-hashgraph,0.089098
2026-04-18 18:06:48.154784,algorand,0.107407
2026-04-18 18:06:48.159771,the-sandbox,0.080695
2026-04-18 18:06:48.164939,decentraland,0.092483
2026-04-18 18:06:48.168918,theta-token,0.22205
2026-04-18 18:06:48.171941,axie-infinity,1.13
2026-04-18 18:06:48.175046,elrond-erd-2,4.23
2026-04-18 18:06:48.180033,tezos,0.365661
2026-04-18 18:06:48.183023,flow,0.03574974
2026-04-18 18:06:48.185144,eos,0.081909
2026-04-18 18:06:48.188137,neo,2.89
2026-04-18 18:06:48.191129,kava,0.056406
2026-04-18 18:06:48.195532,dash,34.66
2026-04-18 18:06:48.199378,zcash,322.41
2026-04-18 18:06:48.203517,iota,0.05733
2026-04-18 18:06:48.205514,maker,1791.54
2026-04-18 18:06:48.209504,aave,104.8
2026-04-18 18:06:48.212497,compound-governance-token,26.82
2026-04-18 18:06:48.215633,sushi,0.213517
2026-04-18 18:06:48.218625,yearn-finance,2698.95
2026-04-18 18:06:48.221619,curve-dao-token,0.231569
2026-04-18 18:07:49.148816,bitcoin,75822
2026-04-18 18:07:49.152001,ethereum,2354.05
2026-04-18 18:07:49.162147,tether,1.0
2026-04-18 18:07:49.172278,usd-coin,0.999887
2026-04-18 18:07:49.180548,binancecoin,630.79
2026-04-18 18:07:49.184724,solana,86.18
2026-04-18 18:07:49.189715,ripple,1.43
2026-04-18 18:07:49.193696,cardano,0.249238
2026-04-18 18:07:49.197688,dogecoin,0.094974
2026-04-18 18:07:49.201674,tron,0.329219
2026-04-18 18:07:49.205665,polkadot,1.28
2026-04-18 18:07:49.211687,litecoin,55.54
2026-04-18 18:07:49.215677,bitcoin-cash,444.42
2026-04-18 18:07:49.218664,chainlink,9.31
2026-04-18 18:07:49.223585,stellar,0.169847
2026-04-18 18:07:49.228225,uniswap,3.37
2026-04-18 18:07:49.232309,avalanche-2,9.4
2026-04-18 18:07:49.234596,cosmos,1.79
2026-04-18 18:07:49.238583,monero,350.31
2026-04-18 18:07:49.246932,ethereum-classic,8.5
2026-04-18 18:07:49.249922,filecoin,0.95014
2026-04-18 18:07:49.257607,aptos,0.942322
2026-04-18 18:07:49.261596,arbitrum,0.127101
2026-04-18 18:07:49.265953,optimism,0.126549
2026-04-18 18:07:49.268946,near,1.35
2026-04-18 18:07:49.271950,internet-computer,2.5
2026-04-18 18:07:49.278338,vechain,0.00708609
2026-04-18 18:07:49.282320,hedera-hashgraph,0.089102
2026-04-18 18:07:49.285557,algorand,0.107393
2026-04-18 18:07:49.290528,the-sandbox,0.080684
2026-04-18 18:07:49.293681,decentraland,0.092494
2026-04-18 18:07:49.297672,theta-token,0.222156
2026-04-18 18:07:49.300665,axie-infinity,1.13
2026-04-18 18:07:49.303656,elrond-erd-2,4.23
2026-04-18 18:07:49.310401,tezos,0.365723
2026-04-18 18:07:49.314536,flow,0.03574099
2026-04-18 18:07:49.316527,eos,0.081909
2026-04-18 18:07:49.321519,neo,2.89
2026-04-18 18:07:49.327821,kava,0.056383
2026-04-18 18:07:49.330814,dash,34.65
2026-04-18 18:07:49.333936,zcash,322.59
2026-04-18 18:07:49.338928,iota,0.057306
2026-04-18 18:07:49.343976,maker,1791.23
2026-04-18 18:07:49.346375,aave,104.71
2026-04-18 18:07:49.348368,compound-governance-token,26.79
2026-04-18 18:07:49.352360,sushi,0.21349
2026-04-18 18:07:49.356632,yearn-finance,2699.9
2026-04-18 18:07:49.361850,curve-dao-token,0.231541
2026-04-18 18:08:50.232449,bitcoin,75830
2026-04-18 18:08:50.235568,ethereum,2354.31
2026-04-18 18:08:50.244707,tether,1.0
2026-04-18 18:08:50.250318,usd-coin,0.999865
2026-04-18 18:08:50.255445,binancecoin,631.03
2026-04-18 18:08:50.259422,solana,86.19
2026-04-18 18:08:50.262428,ripple,1.43
2026-04-18 18:08:50.264816,cardano,0.249275
2026-04-18 18:08:50.272784,dogecoin,0.09497
2026-04-18 18:08:50.276677,tron,0.329167
2026-04-18 18:08:50.279669,polkadot,1.28
2026-04-18 18:08:50.283976,litecoin,55.53
2026-04-18 18:08:50.287974,bitcoin-cash,444.41
2026-04-18 18:08:50.290959,chainlink,9.31
2026-04-18 18:08:50.298327,stellar,0.169849
2026-04-18 18:08:50.303370,uniswap,3.37
2026-04-18 18:08:50.305677,avalanche-2,9.4
2026-04-18 18:08:50.308667,cosmos,1.79
2026-04-18 18:08:50.312667,monero,349.72
2026-04-18 18:08:50.317489,ethereum-classic,8.5
2026-04-18 18:08:50.320479,filecoin,0.950338
2026-04-18 18:08:50.324961,aptos,0.942292
2026-04-18 18:08:50.327952,arbitrum,0.12714
2026-04-18 18:08:50.332940,optimism,0.126591
2026-04-18 18:08:50.337808,near,1.35
2026-04-18 18:08:50.341792,internet-computer,2.5
2026-04-18 18:08:50.346011,vechain,0.00708861
2026-04-18 18:08:50.348997,hedera-hashgraph,0.0891
2026-04-18 18:08:50.351989,algorand,0.107368
2026-04-18 18:08:50.357261,the-sandbox,0.080691
2026-04-18 18:08:50.361247,decentraland,0.092481
2026-04-18 18:08:50.364427,theta-token,0.221908
2026-04-18 18:08:50.367416,axie-infinity,1.13
2026-04-18 18:08:50.373590,elrond-erd-2,4.24
2026-04-18 18:08:50.376581,tezos,0.365642
2026-04-18 18:08:50.379573,flow,0.0357423
2026-04-18 18:08:50.383567,eos,0.081909
2026-04-18 18:08:50.387079,neo,2.9
2026-04-18 18:08:50.391060,kava,0.056362
2026-04-18 18:08:50.393141,dash,34.64
2026-04-18 18:08:50.396214,zcash,322.58
2026-04-18 18:08:50.401202,iota,0.05725
2026-04-18 18:08:50.404410,maker,1787.42
2026-04-18 18:08:50.408391,aave,104.55
2026-04-18 18:08:50.411375,compound-governance-token,26.76
2026-04-18 18:08:50.415733,sushi,0.213509
2026-04-18 18:08:50.418727,yearn-finance,2699.93
2026-04-18 18:08:50.422717,curve-dao-token,0.231522
2026-04-18 18:09:51.612178,bitcoin,75830
2026-04-18 18:09:51.617266,ethereum,2354.53
2026-04-18 18:09:51.632956,tether,1.0
2026-04-18 18:09:51.639945,usd-coin,0.999853
2026-04-18 18:09:51.647915,binancecoin,630.92
2026-04-18 18:09:51.666391,solana,86.2
2026-04-18 18:09:51.674370,ripple,1.43
2026-04-18 18:09:51.682350,cardano,0.249295
2026-04-18 18:09:51.698307,dogecoin,0.094963
2026-04-18 18:09:51.699286,tron,0.329153
2026-04-18 18:09:51.720449,polkadot,1.28
2026-04-18 18:09:51.728681,litecoin,55.54
2026-04-18 18:09:51.732670,bitcoin-cash,444.41
2026-04-18 18:09:51.748986,chainlink,9.31
2026-04-18 18:09:51.759011,stellar,0.169858
2026-04-18 18:09:51.776799,uniswap,3.37
2026-04-18 18:09:51.783770,avalanche-2,9.4
2026-04-18 18:09:51.795506,cosmos,1.79
2026-04-18 18:09:51.803668,monero,349.69
2026-04-18 18:09:51.810648,ethereum-classic,8.51
2026-04-18 18:09:51.814634,filecoin,0.950132
2026-04-18 18:09:51.900456,aptos,0.942301
2026-04-18 18:09:51.904638,arbitrum,0.127184
2026-04-18 18:09:51.913614,optimism,0.126549
2026-04-18 18:09:51.916606,near,1.35
2026-04-18 18:09:51.999481,internet-computer,2.5
2026-04-18 18:09:52.006685,vechain,0.00708674
2026-04-18 18:09:52.015775,hedera-hashgraph,0.089091
2026-04-18 18:09:52.022759,algorand,0.107396
2026-04-18 18:09:52.033725,the-sandbox,0.08069
2026-04-18 18:09:52.051000,decentraland,0.092464
2026-04-18 18:09:52.113793,theta-token,0.22173
2026-04-18 18:09:52.122770,axie-infinity,1.13
2026-04-18 18:09:52.130878,elrond-erd-2,4.24
2026-04-18 18:09:52.136226,tezos,0.365558
2026-04-18 18:09:52.150064,flow,0.03573771
2026-04-18 18:09:52.156333,eos,0.081909
2026-04-18 18:09:52.163397,neo,2.89
2026-04-18 18:09:52.175916,kava,0.056357
2026-04-18 18:09:52.185071,dash,34.64
2026-04-18 18:09:52.187083,zcash,322.63
2026-04-18 18:09:52.199203,iota,0.05724
2026-04-18 18:09:52.203276,maker,1786.0
2026-04-18 18:09:52.216722,aave,104.48
2026-04-18 18:09:52.224710,compound-governance-token,26.7
2026-04-18 18:09:52.232679,sushi,0.213533
2026-04-18 18:09:52.249634,yearn-finance,2700.16
2026-04-18 18:09:52.266592,curve-dao-token,0.231518
2026-04-18 18:10:53.209564,bitcoin,75831
2026-04-18 18:10:53.213211,ethereum,2354.67
2026-04-18 18:10:53.224570,tether,1.0
2026-04-18 18:10:53.228557,usd-coin,0.999793
2026-04-18 18:10:53.231548,binancecoin,631.09
2026-04-18 18:10:53.234902,solana,86.22
2026-04-18 18:10:53.238890,ripple,1.43
2026-04-18 18:10:53.241888,cardano,0.24933
2026-04-18 18:10:53.245096,dogecoin,0.094976
2026-04-18 18:10:53.250081,tron,0.329128
2026-04-18 18:10:53.253170,polkadot,1.28
2026-04-18 18:10:53.256322,litecoin,55.54
2026-04-18 18:10:53.260292,bitcoin-cash,444.38
2026-04-18 18:10:53.263402,chainlink,9.31
2026-04-18 18:10:53.268393,stellar,0.16993
2026-04-18 18:10:53.272581,uniswap,3.37
2026-04-18 18:10:53.276837,avalanche-2,9.4
2026-04-18 18:10:53.278834,cosmos,1.79
2026-04-18 18:10:53.283972,monero,349.48
2026-04-18 18:10:53.287962,ethereum-classic,8.5
2026-04-18 18:10:53.290954,filecoin,0.949911
2026-04-18 18:10:53.294213,aptos,0.942339
2026-04-18 18:10:53.296208,arbitrum,0.127227
2026-04-18 18:10:53.303360,optimism,0.126562
2026-04-18 18:10:53.307353,near,1.35
2026-04-18 18:10:53.311339,internet-computer,2.5
2026-04-18 18:10:53.319639,vechain,0.00708743
2026-04-18 18:10:53.323699,hedera-hashgraph,0.089047
2026-04-18 18:10:53.326072,algorand,0.107395
2026-04-18 18:10:53.334058,the-sandbox,0.080702
2026-04-18 18:10:53.339039,decentraland,0.092467
2026-04-18 18:10:53.342028,theta-token,0.221742
2026-04-18 18:10:53.346446,axie-infinity,1.13
2026-04-18 18:10:53.353784,elrond-erd-2,4.24
2026-04-18 18:10:53.357776,tezos,0.365525
2026-04-18 18:10:53.361765,flow,0.03573687
2026-04-18 18:10:53.367043,eos,0.082015
2026-04-18 18:10:53.371018,neo,2.89
2026-04-18 18:10:53.374011,kava,0.056364
2026-04-18 18:10:53.378630,dash,34.64
2026-04-18 18:10:53.382619,zcash,322.63
2026-04-18 18:10:53.385624,iota,0.057216
2026-04-18 18:10:53.388602,maker,1791.33
2026-04-18 18:10:53.392594,aave,104.29
2026-04-18 18:10:53.395606,compound-governance-token,26.68
2026-04-18 18:10:53.399579,sushi,0.213645
2026-04-18 18:10:53.403685,yearn-finance,2700.67
2026-04-18 18:10:53.406678,curve-dao-token,0.231532
2026-04-18 18:11:54.398260,bitcoin,75830
2026-04-18 18:11:54.402253,ethereum,2354.38
2026-04-18 18:11:54.415242,tether,1.0
2026-04-18 18:11:54.418209,usd-coin,0.999807
2026-04-18 18:11:54.422198,binancecoin,631.14
2026-04-18 18:11:54.431174,solana,86.22
2026-04-18 18:11:54.434166,ripple,1.43
2026-04-18 18:11:54.438154,cardano,0.24935
2026-04-18 18:11:54.447130,dogecoin,0.094956
2026-04-18 18:11:54.450122,tron,0.329191
2026-04-18 18:11:54.453116,polkadot,1.28
2026-04-18 18:11:54.461095,litecoin,55.54
2026-04-18 18:11:54.465085,bitcoin-cash,444.27
2026-04-18 18:11:54.469070,chainlink,9.32
2026-04-18 18:11:54.475064,stellar,0.169943
2026-04-18 18:11:54.482039,uniswap,3.37
2026-04-18 18:11:54.485031,avalanche-2,9.4
2026-04-18 18:11:54.492012,cosmos,1.78
2026-04-18 18:11:54.498995,monero,349.55
2026-04-18 18:11:54.505974,ethereum-classic,8.5
2026-04-18 18:11:54.511965,filecoin,0.950049
2026-04-18 18:11:54.516943,aptos,0.942259
2026-04-18 18:11:54.524474,arbitrum,0.127246
2026-04-18 18:11:54.530456,optimism,0.126593
2026-04-18 18:11:54.537437,near,1.35
2026-04-18 18:11:54.543421,internet-computer,2.5
2026-04-18 18:11:54.548410,vechain,0.00708841
2026-04-18 18:11:54.554392,hedera-hashgraph,0.089001
2026-04-18 18:11:54.561383,algorand,0.107395
2026-04-18 18:11:54.566363,the-sandbox,0.080701
2026-04-18 18:11:54.585311,decentraland,0.092466
2026-04-18 18:11:54.597277,theta-token,0.221844
2026-04-18 18:11:54.600271,axie-infinity,1.13
2026-04-18 18:11:54.603262,elrond-erd-2,4.24
2026-04-18 18:11:54.613249,tezos,0.365566
2026-04-18 18:11:54.633999,flow,0.03573691
2026-04-18 18:11:54.637306,eos,0.082015
2026-04-18 18:11:54.652142,neo,2.9
2026-04-18 18:11:54.684053,kava,0.056354
2026-04-18 18:11:54.705996,dash,34.64
2026-04-18 18:11:54.749883,zcash,322.91
2026-04-18 18:11:54.785784,iota,0.057251
2026-04-18 18:11:54.799747,maker,1791.47
2026-04-18 18:11:54.803734,aave,104.08
2026-04-18 18:11:54.809719,compound-governance-token,26.67
2026-04-18 18:11:54.818040,sushi,0.213648
2026-04-18 18:11:54.825022,yearn-finance,2700.96
2026-04-18 18:11:54.834994,curve-dao-token,0.231518
2026-04-18 18:12:55.811200,bitcoin,75822
2026-04-18 18:12:55.814442,ethereum,2353.93
2026-04-18 18:12:55.824844,tether,1.0
2026-04-18 18:12:55.829829,usd-coin,0.99986
2026-04-18 18:12:55.835312,binancecoin,631.12
2026-04-18 18:12:55.839303,solana,86.22
2026-04-18 18:12:55.842296,ripple,1.43
2026-04-18 18:12:55.845286,cardano,0.249367
2026-04-18 18:12:55.855218,dogecoin,0.09494
2026-04-18 18:12:55.861077,tron,0.329177
2026-04-18 18:12:55.863137,polkadot,1.28
2026-04-18 18:12:55.866262,litecoin,55.54
2026-04-18 18:12:55.870258,bitcoin-cash,444.26
2026-04-18 18:12:55.873342,chainlink,9.32
2026-04-18 18:12:55.875627,stellar,0.169951
2026-04-18 18:12:55.887063,uniswap,3.37
2026-04-18 18:12:55.892052,avalanche-2,9.4
2026-04-18 18:12:55.895295,cosmos,1.78
2026-04-18 18:12:55.897290,monero,349.7
2026-04-18 18:12:55.901279,ethereum-classic,8.5
2026-04-18 18:12:55.910468,filecoin,0.94984
2026-04-18 18:12:55.917331,aptos,0.942347
2026-04-18 18:12:55.924506,arbitrum,0.127216
2026-04-18 18:12:55.928496,optimism,0.126543
2026-04-18 18:12:55.933636,near,1.35
2026-04-18 18:12:55.942615,internet-computer,2.5
2026-04-18 18:12:55.946790,vechain,0.00708943
2026-04-18 18:12:55.952295,hedera-hashgraph,0.088979
2026-04-18 18:12:55.954657,algorand,0.107432
2026-04-18 18:12:55.957656,the-sandbox,0.080691
2026-04-18 18:12:55.960641,decentraland,0.092443
2026-04-18 18:12:55.963818,theta-token,0.221847
2026-04-18 18:12:55.976272,axie-infinity,1.13
2026-04-18 18:12:55.981268,elrond-erd-2,4.24
2026-04-18 18:12:55.985655,tezos,0.365475
2026-04-18 18:12:55.990640,flow,0.03574473
2026-04-18 18:12:55.994794,eos,0.082015
2026-04-18 18:12:56.000681,neo,2.9
2026-04-18 18:12:56.008947,kava,0.056342
2026-04-18 18:12:56.017689,dash,34.63
2026-04-18 18:12:56.024831,zcash,323.03
2026-04-18 18:12:56.030798,iota,0.057208
2026-04-18 18:12:56.039910,maker,1791.5
2026-04-18 18:12:56.042895,aave,103.89
2026-04-18 18:12:56.046329,compound-governance-token,26.65
2026-04-18 18:12:56.055591,sushi,0.213652
2026-04-18 18:12:56.058587,yearn-finance,2700.97
2026-04-18 18:12:56.060583,curve-dao-token,0.231452
